04/15/2011,2299.97,2299.97,2228.82,2249.717,58080,6694
04/18/2011,2235.27,2388.12,2235.27,2382.46,133636,19940
04/19/2011,2376.66,2384.51,2321.52,2337.42,205268,23738
04/20/2011,2351.37,2394.1,2330.49,2344.38,176032,23970
04/21/2011,2354.46,2364.46,2324.43,2337.4,97806,22728
04/22/2011,2337.32,2351.32,2298.36,2331.6,128548,19446
04/25/2011,2341.83,2359.13,2318.66,2330.71,65102,18596
04/26/2011,2316.604,2330.356,2304.684,2323.507,44636,18420
04/27/2011,2333.579,2340.19,2316.776,2321.788,32090,16914
04/28/2011,2331.68,2348.51,2327.66,2338.78,26344,14746
04/29/2011,2339,2344.62,2325.13,2331.28,17764,12312
05/03/2011,2332.13,2355.334,2328.138,2346.049,26696,13430
05/04/2011,2342.974,2347.978,2322.483,2331.187,14634,11348
05/05/2011,2311.14,2321.05,2295.9,2310.61,14072,11296
05/06/2011,2257.379,2290.852,2257.379,2273.611,14920,10726
05/09/2011,2282.349,2286.299,2275.335,2282.447,7270,9796
05/10/2011,2287.373,2290.264,2277.564,2289.063,7988,8766
05/11/2011,2295.393,2339.255,2288.292,2315.874,30238,9928
05/12/2011,2291.799,2352.665,2290.394,2344.774,62144,18268
05/13/2011,2360.93,2443.36,2353.84,2419.45,135262,27080
05/16/2011,2415.536,2423.512,2396.711,2407.856,57382,26530
05/17/2011,2414.786,2416.745,2372.092,2391.951,57900,22530
05/18/2011,2400.928,2423.678,2371.146,2373.08,70694,22634
05/19/2011,2394.814,2394.814,2364.105,2368.515,47798,19122
05/20/2011,2365.18,2392.53,2363.16,2377,37118,19014
05/23/2011,2389.133,2389.133,2352.804,2358.463,19074,18518
05/24/2011,2357.38,2381.066,2346.357,2381.066,30624,21746
05/25/2011,2383.244,2385.245,2367.32,2376.109,18240,19572
05/26/2011,2386.213,2398.473,2378.196,2379.297,19624,20152
05/27/2011,2380.047,2381.049,2352.377,2372.114,21780,19314
05/30/2011,2371.438,2383.24,2361.499,2366.263,16498,18550
05/31/2011,2371.212,2379.189,2362.201,2365.65,15260,16634
06/01/2011,2371.36,2376.124,2358.489,2360.464,13748,16446
06/02/2011,2352.323,2364.129,2338.552,2340.938,18830,16112
06/03/2011,2341.6,2345.58,2322.23,2327.92,17242,16158
06/07/2011,2322.78,2342.4,2312.426,2332.757,15690,15502
06/08/2011,2339.556,2339.559,2321.428,2327.433,8244,14852
06/09/2011,2331.397,2334.316,2319.576,2319.581,8168,14924
06/10/2011,2325.35,2325.35,2307.933,2312.564,13080,16598
06/13/2011,2307.52,2321.948,2297.686,2320.858,9462,18142
06/14/2011,2314.225,2353.665,2314.018,2334.928,42480,16068
06/15/2011,2340.29,2343.625,2322.33,2324.26,9826,15552
06/16/2011,2316.378,2322.232,2301.522,2308.318,9586,15014
06/17/2011,2311.479,2321.248,2305.261,2308.293,6542,15006
06/20/2011,2307.49,2311.485,2281.839,2282.791,8558,15530
06/21/2011,2289.668,2301.545,2271.952,2296.784,10418,15464
06/22/2011,2291.892,2297.832,2285.045,2289.791,6224,14862
06/23/2011,2288.665,2323.136,2281.691,2319.308,23352,16368
06/24/2011,2319.29,2324.29,2302.47,2303.55,13418,14860
06/27/2011,2297.432,2319.017,2292.43,2309.307,12506,14842
06/28/2011,2317.378,2339.127,2303.278,2304.273,18848,15668
06/29/2011,2311.292,2314.252,2289.331,2297.438,10994,15488
06/30/2011,2300.495,2313.325,2297.487,2310.417,11120,14940
07/01/2011,2309.39,2318.28,2296.548,2297.523,7444,14924
07/04/2011,2300.371,2326.162,2294.365,2317.295,15674,15724
07/05/2011,2318.229,2323.073,2307.295,2316.2,9460,16292
07/06/2011,2322.168,2345.835,2317.212,2343.892,22880,19394
07/07/2011,2341.739,2350.802,2312.299,2316.412,20036,16348
07/08/2011,2320.484,2328.035,2310.445,2315.52,12924,15932
07/11/2011,2311.111,2324.687,2305.02,2306.626,7732,14582
07/12/2011,2308.929,2317.574,2293.114,2299.739,7646,14138
07/13/2011,2306.752,2315.839,2303.749,2312.818,5892,13268
07/14/2011,2318.569,2318.569,2299.717,2307.704,6774,13102
07/15/2011,2305.58,2311.66,2300.9,2305.83,3420,12386
07/18/2011,2309.894,2316.695,2305.597,2307.875,6056,12434
07/19/2011,2308.826,2312.559,2304.798,2307.725,2942,11726
07/20/2011,2311.034,2316.682,2295.189,2301.256,7082,12634
07/21/2011,2301.051,2303.069,2286.399,2289.615,6326,12910
07/22/2011,2282.68,2296.382,2279.924,2289.91,3120,12450
07/25/2011,2288.756,2301.59,2286.159,2289.998,4640,11838
07/26/2011,2293.985,2296.984,2284.138,2293.922,2504,11156
07/27/2011,2297.909,2297.909,2287.943,2289.007,2424,10848
07/28/2011,2287.886,2298.668,2284.902,2290.243,4236,9930
07/29/2011,2293.15,2295.77,2289.29,2290.08,2386,9518
08/01/2011,2292.218,2293.219,2287.597,2291.442,1870,9098
08/02/2011,2290.851,2293.397,2287.844,2291.411,1510,8548
08/03/2011,2292.37,2294.37,2289.99,2293.25,1444,7952
08/04/2011,2292.28,2313.46,2289.26,2312.22,2950,7746
08/05/2011,2303.905,2319.791,2293.202,2305.766,8856,6976
08/08/2011,2299.562,2299.562,2277.266,2283.419,3948,5314
08/09/2011,2273.57,2273.58,2202.33,2251.23,3766,4120
08/10/2011,2261.614,2272.016,2253.103,2257.001,1042,4100
08/11/2011,2235.617,2262.304,2235.617,2256.801,1062,3956
08/12/2011,2269.55,2269.614,2251.156,2256.127,908,3846
08/15/2011,2255.927,2260.145,2228.66,2234.724,1880,4034
08/16/2011,2234.01,2234.01,2206.141,2210.065,2144,4234
08/17/2011,2202.194,2219.343,2198.472,2209.182,2584,4468
08/18/2011,2209.212,2213.835,2189.301,2198.365,3260,4808
08/19/2011,2187.92,2192.038,2175.529,2183.428,3108,5300
08/22/2011,2178.28,2191.41,2172.23,2179.41,7898,6456
08/23/2011,2184.735,2185.535,2117.354,2130.386,26090,13544
08/24/2011,2137.246,2164.306,2124.654,2161.297,31036,12706
08/25/2011,2162.685,2186.385,2153.45,2184.23,22050,11164
08/26/2011,2181.716,2197.977,2179.188,2185.466,13484,10664
08/29/2011,2190.757,2191.755,2173.402,2179.879,7622,10522
08/30/2011,2184.174,2190.944,2177.265,2185.36,6382,10362
08/31/2011,2191.843,2221.674,2188.821,2206.922,13568,9600
09/01/2011,2210.5,2213.54,2198.19,2205.4,5356,9138
09/02/2011,2203.14,2204.92,2173.27,2183.11,6840,9394
09/05/2011,2181.067,2203.085,2178.137,2186.011,5800,9040
09/06/2011,2179.654,2211.24,2179.654,2206.132,11258,8806
09/07/2011,2207.692,2220.529,2206.322,2214.646,6282,8432
09/08/2011,2216.285,2222.331,2203.716,2204.334,3970,8168
09/09/2011,2203.978,2208.615,2199.817,2206.923,2778,7774
09/13/2011,2213.038,2214.027,2194.995,2197.466,2166,7948
09/14/2011,2201.681,2202.752,2180.188,2187.078,3770,7678
09/15/2011,2190.245,2203.93,2189.27,2194.328,3694,6994
09/16/2011,2234.529,2243.257,2224.301,2241.344,5268,7618
09/19/2011,2238.288,2243.292,2216.398,2219.271,6540,8000
09/20/2011,2210.145,2219.773,2196.794,2214.175,8014,8506
09/21/2011,2212.271,2247.061,2212.178,2235.657,17602,10650
09/22/2011,2223.599,2223.6,2169.87,2193.842,12558,10292
09/23/2011,2154.315,2190.301,2135.703,2146.325,17366,9446
09/26/2011,2150.471,2156.253,2077.188,2079.107,10322,8752
09/27/2011,2093.38,2122.515,2093.38,2112.333,9806,8556
09/28/2011,2115.683,2118.787,2080.556,2093.027,6442,8718
09/29/2011,2055.439,2055.462,2007.379,2026.981,8960,7172
09/30/2011,2033.65,2050.613,2031.262,2042.848,6428,6594
10/10/2011,2062.03,2088.76,2045.49,2051.68,3808,6604
10/11/2011,2064.878,2079.299,2056.462,2058.297,6480,7080
10/12/2011,2062.258,2069.185,2045.386,2067.095,4578,6928
10/13/2011,2067.458,2071.464,2056.734,2064.724,2754,6844
10/14/2011,2059.42,2067.38,2057.14,2061.12,2934,6942
10/17/2011,2065.02,2069.687,2015.123,2018.379,10388,9340
10/18/2011,2012.964,2012.964,1985.036,1989.363,10790,9108
10/19/2011,2005.896,2006.971,1973.521,1982.286,6248,9148
10/20/2011,1951.491,1961.171,1888.591,1890.67,8858,8658
10/21/2011,1898.799,1924.122,1892.797,1919.526,8074,8256
10/24/2011,1940.91,1986.27,1908.36,1962.09,12080,7934
10/25/2011,1961.015,2006.414,1954.102,1969.027,12620,7518
10/26/2011,1950.593,1978.114,1950.593,1968.891,7916,7736
10/27/2011,1971.137,1978.836,1966.197,1973.644,5876,7718
10/28/2011,2001.225,2020.678,1976.025,1981.945,6668,7144
10/31/2011,1981.49,1982.7,1954.02,1962.58,3576,6774
11/01/2011,1957.295,1973.241,1949,1957.397,3918,6668
11/02/2011,1933.759,1953.851,1923.734,1950.312,3734,6536
11/03/2011,1939.408,1950.406,1936.875,1938.322,2982,6520
11/04/2011,1962.4,1972.79,1949.9,1970.46,4468,6068
11/07/2011,1964.358,1970.891,1960.215,1965.64,2876,6002
11/08/2011,1968.186,1986.342,1968.185,1981.87,5950,6172
11/09/2011,1990.95,1996.85,1975.71,1982.77,3108,6024
11/10/2011,1892.439,1965.734,1892.399,1950.561,5776,5646
11/11/2011,1956.22,2044.72,1955.67,2043.46,23596,9932
11/14/2011,2056.066,2061.891,2025.526,2033.413,26448,10122
11/15/2011,2021.693,2084.089,2013.702,2042.668,57012,13966
11/16/2011,2032.818,2053.531,2018.633,2021.698,32362,12908
11/17/2011,2031.574,2048.591,2018.934,2031.353,22890,11964
11/18/2011,2013.132,2026.806,2003.17,2018.434,12806,10936
11/21/2011,2011.363,2032.166,1995.621,2001.604,14870,10560
11/22/2011,1994.48,2005.85,1992.12,1999.98,6912,9444
11/23/2011,1994.895,2002.203,1982.995,1983.743,4590,8640
11/24/2011,1990.96,1990.96,1961.69,1982.44,6140,7942
11/25/2011,1975.443,1987.427,1968.8,1973.403,3880,7572
11/28/2011,1984.65,1988.365,1961.505,1971.313,5770,7386
11/29/2011,1973.109,1983.9,1964.418,1981.957,4668,7384
11/30/2011,1983.58,2032.64,1980.03,1990.92,31712,9316
12/01/2011,2035.53,2054.464,2005.261,2019.274,17410,7962
12/02/2011,2016.73,2016.876,2006.083,2008.845,5248,7474
12/05/2011,2011.07,2015.398,2005.441,2014.054,4202,6872
12/06/2011,2009.997,2010.118,1964.21,1985.146,15188,8222
12/07/2011,1987.913,1988.563,1980.204,1988.234,4834,7576
12/08/2011,1981.221,1984.047,1966.473,1980.246,5902,7374
12/09/2011,1976.316,1989.251,1968.33,1979.136,4414,6822
12/12/2011,1985.829,1985.833,1949.469,1950.11,6482,8222
12/13/2011,1942.492,1958.546,1937.272,1957.697,5296,7708
12/14/2011,1958.229,1958.229,1938.324,1945.911,4248,7668
12/15/2011,1916.141,1931.817,1913.133,1923.442,4596,7028
12/16/2011,1935.215,1963.477,1925.578,1960.069,7308,5998
12/19/2011,1963.805,1965.756,1948.069,1961.304,5920,5704
12/20/2011,1963.909,1977.127,1958.425,1965.644,6256,5154
12/21/2011,1976.413,1979.543,1966.337,1969.058,3610,5064
12/22/2011,1968.174,1969.808,1952.724,1968.46,4230,4732
12/23/2011,1970.361,1970.361,1956.427,1957.063,3446,5060
12/26/2011,1961.323,1967.779,1943.2,1948.296,6450,5344
12/27/2011,1946.16,1953.307,1941.262,1948.366,2398,5148
12/28/2011,1952.907,1980.842,1951.927,1970.768,9124,4750
12/29/2011,1961.322,1973.292,1955.714,1967.751,3376,4386
12/30/2011,1974.123,1989.315,1970.187,1978.697,5276,4460
01/04/2012,1998.804,1998.83,1965.545,1965.545,3614,4378
01/05/2012,1966.267,1973.132,1952.295,1972.581,2634,4256
01/06/2012,1966.814,2021.684,1966.814,2010.187,13626,4670
01/09/2012,2002.773,2023.352,1999.91,2018.149,4238,4714
01/10/2012,2019.886,2034.689,2007.407,2025.295,7244,4878
01/11/2012,2028.341,2066.684,2024.443,2054.643,15278,5896
01/12/2012,2050.404,2060.385,2046.213,2055.52,5298,5582
01/13/2012,2051.843,2076.61,2030.826,2030.868,8724,5228
01/16/2012,2018.438,2040.205,2012.459,2033.029,4652,4840
01/17/2012,2039.205,2077.708,2039.205,2066.766,6098,4122
01/18/2012,2072.816,2079.681,2057.802,2066.099,4108,3846
01/19/2012,2069.788,2095.719,2064.533,2073.994,5832,3562
01/20/2012,2074.82,2083.81,2069.798,2072.949,2628,3322
01/30/2012,2075.952,2119.522,2071.933,2090.386,8046,3736
01/31/2012,2095.978,2104.676,2088.192,2097.126,4926,4100
02/01/2012,2096.03,2099.983,2078.274,2082.118,3780,4124
02/02/2012,2082.94,2093.941,2074.948,2084.311,3000,3854
02/03/2012,2082.269,2093.135,2074.214,2086.216,3518,3934
02/06/2012,2097.436,2123.79,2090.389,2112.944,8560,4704
02/07/2012,2112.9,2121.86,2093.266,2094.207,4652,4674
02/08/2012,2095.742,2117.813,2095.738,2113.039,4536,5004
02/09/2012,2106.271,2125.66,2080.413,2085.279,10096,4374
02/10/2012,2089.778,2095.746,2073.781,2077.989,5476,3990
02/13/2012,2082.423,2082.423,2069.323,2073.66,3556,3938
02/14/2012,2074.677,2076.453,2064.842,2065.792,2934,4030
02/15/2012,2068.606,2078.093,2061.543,2062.414,4908,4422
02/16/2012,2054.172,2065.149,2038.635,2047.551,5202,4054
02/17/2012,2054.411,2061.389,2044.398,2045.339,2818,4152
02/20/2012,2055.334,2063.882,2048.337,2052.156,4422,4262
02/21/2012,2053.216,2066.123,2049.434,2063.324,3826,4114
02/22/2012,2072.335,2072.335,2064.13,2068.924,2148,4034
02/23/2012,2067.091,2068.117,2061.438,2067.373,1754,3810
02/24/2012,2071.452,2078.936,2063.434,2067.194,3656,3886
02/27/2012,2071.118,2087.014,2071.117,2083.539,2620,3762
02/28/2012,2082.363,2089.116,2081.356,2087.512,1332,3780
02/29/2012,2084.495,2094.192,2083.493,2093.296,1596,3796
03/01/2012,2089.513,2089.513,2076.083,2076.103,1968,3518
03/02/2012,2084.037,2100.388,2078.028,2092.693,3424,3942
03/05/2012,2089.598,2095.608,2069.038,2069.06,3112,4098
03/06/2012,2066.004,2072.01,2063.797,2067.391,2048,3816
03/07/2012,2054.527,2061.344,2045.031,2046.884,1978,3722
03/08/2012,2048.795,2061.087,2048.791,2056.575,1610,3770
03/09/2012,2058.089,2073.75,2056.967,2069.737,2442,3950
03/12/2012,2070.848,2072.93,2055.734,2058.294,2308,4050
03/13/2012,2059.2,2066.149,2058.202,2064.795,1796,3966
03/14/2012,2070.268,2071.813,2035.943,2036.716,3984,4308
03/15/2012,2029.445,2042.88,2016.955,2025.515,4606,4592
03/16/2012,2034.756,2034.756,2014.777,2022.758,2858,4652
03/19/2012,2027.694,2028.691,2003.73,2011.445,2794,5106
03/20/2012,2014.561,2032.159,2008.822,2028.248,5570,4870
03/21/2012,2024.47,2042.498,2024.47,2042.401,4444,4892
03/22/2012,2042.685,2046.694,2028.868,2042.771,3942,4624
03/23/2012,2041.999,2053.517,2037.12,2051.797,2484,4514
03/26/2012,2051.047,2058.48,2046.586,2048.692,2002,4646
03/27/2012,2054.563,2056.573,2045.638,2046.539,1362,4568
03/28/2012,2044.412,2044.418,2030.797,2032.577,1512,4376
03/29/2012,2031.463,2033.231,2022.377,2031.464,1036,4272
03/30/2012,2027.053,2033.862,2027.053,2033.076,920,4032
04/05/2012,2028.069,2031.949,2019.985,2029.52,1186,3986
04/06/2012,2024.512,2030.081,2018.668,2022.869,936,4030
04/09/2012,2023.544,2023.544,2013.211,2014.143,1272,4026
04/10/2012,2005.47,2020.449,2005.47,2020.449,1378,3832
04/11/2012,2013.715,2038.249,2013.241,2037.671,2448,3946
04/12/2012,2036.595,2050.215,2036.595,2047.65,3316,4174
04/13/2012,2050.262,2054.16,2037.506,2038.74,2428,4276
04/16/2012,2034.687,2037.482,2027.486,2031.839,2208,4012
04/17/2012,2032.851,2034.077,2025.556,2027.432,1420,3712
04/18/2012,2032.899,2032.983,2013.485,2017.298,3870,4192
04/19/2012,2013.224,2016.27,2006.797,2012.121,3414,4482
04/20/2012,2014.992,2022.276,2006.397,2010.621,3082,4324
04/23/2012,2014.404,2015.383,1981.154,1988.521,8666,6590
04/24/2012,1987.051,1997.552,1983.082,1992.277,4500,6112
04/25/2012,1994.291,1998.269,1975.471,1994.714,7670,5938
04/26/2012,1991.81,2000.564,1986.959,2000.175,2950,5640
04/27/2012,2003.563,2007.53,1991.847,1991.847,3194,5500
05/02/2012,1999.231,1999.231,1987.24,1990.799,3050,5504
05/03/2012,1984.14,2003.13,1981.87,1984.78,6116,6712
05/04/2012,1969.484,1992.738,1969.484,1991.843,3942,6554
05/07/2012,1986.185,1994.011,1978.229,1987.609,5254,6934
05/08/2012,1990.679,1990.752,1962.244,1963.939,9312,9192
05/09/2012,1960.603,1974.233,1958.172,1968.502,7834,9146
05/10/2012,1968.926,1975.827,1963.236,1973.178,5540,7932
05/11/2012,1971.226,1975.458,1947.718,1966.618,10996,8084
05/14/2012,1972.537,1972.538,1889.571,1898.325,11282,8622
05/15/2012,1900.388,1902.557,1877.617,1892.023,8072,8080
05/16/2012,1892.163,1897.168,1870.588,1871.37,4544,7550
05/17/2012,1880.775,1888.01,1865.666,1885.094,6628,7970
05/18/2012,1879.113,1882.146,1862.622,1871.287,5824,7662
05/21/2012,1878.31,1894.885,1876.31,1885.964,5546,8016
05/22/2012,1893.15,1896.693,1878.184,1885.763,7882,9192
05/23/2012,1866.676,1875.615,1852.55,1859.896,6774,8996
05/24/2012,1857.238,1866.458,1853.229,1864.617,4028,8964
05/25/2012,1862.789,1869.849,1853.157,1868.928,4424,8934
05/28/2012,1873.857,1889.594,1868.167,1885.033,4862,8416
05/29/2012,1878.808,1891.477,1878.807,1887.982,8574,8776
05/30/2012,1882.961,1882.999,1870.365,1876.033,4806,8294
05/31/2012,1863.791,1873.152,1859.778,1868.88,3562,8058
06/01/2012,1866.892,1870.689,1859.947,1860.903,2464,7782
06/04/2012,1851.734,1851.734,1791.231,1793.231,7284,7896
06/05/2012,1803.535,1819.16,1800.247,1807.071,5700,7360
06/06/2012,1804.198,1821.041,1804.198,1818.221,4112,6994
06/07/2012,1825.308,1832.313,1807.422,1814.276,3910,7500
06/08/2012,1819.909,1819.909,1779.821,1787.617,7100,7782
06/11/2012,1801.395,1820.453,1794.522,1803.442,5488,7966
06/12/2012,1787.233,1788.219,1750.787,1757.989,6860,9052
06/13/2012,1758.805,1759.806,1738.227,1749.264,6676,9222
06/14/2012,1742.245,1756.938,1728.155,1734.602,9514,9902
06/15/2012,1743.283,1750.462,1734.705,1749.377,6910,9408
06/18/2012,1761.577,1762.574,1742.555,1751.569,7346,10022
06/19/2012,1745.535,1759.418,1745.427,1750.606,5416,9958
06/20/2012,1755.6,1770.396,1753.727,1767.704,6020,9920
06/21/2012,1747.549,1754.207,1731.021,1734.892,7274,10178
06/25/2012,1728.68,1739.716,1699.331,1701.105,11390,12892
06/26/2012,1704.869,1706.872,1678.005,1693.62,23396,14116
06/27/2012,1697.694,1701.69,1675.772,1681.003,14038,15528
06/28/2012,1682.732,1686.289,1653.747,1662.505,28870,18188
06/29/2012,1648.165,1674.1,1626.221,1669.036,63644,18978
07/02/2012,1691.701,1719.269,1651.218,1716.577,82732,21106
07/03/2012,1725.706,1735.672,1703.719,1729.367,86356,16782
07/04/2012,1733.397,1765.635,1724.446,1749.624,80324,17336
07/05/2012,1742.885,1766.97,1741.876,1765.317,59668,18126
07/06/2012,1760.046,1767.934,1748.604,1756.829,43288,16116
07/09/2012,1744.626,1748.262,1733.189,1733.198,28734,15576
07/10/2012,1724.241,1752.281,1722.15,1723.304,36654,17224
07/11/2012,1720.574,1724.826,1705.083,1710.326,34370,17046
07/12/2012,1714.753,1765.264,1703.872,1758.834,89314,23988
07/13/2012,1768.917,1781.837,1749.735,1774.363,80334,22224
07/16/2012,1776.206,1778.834,1732.84,1737.077,68520,21740
07/17/2012,1733.194,1742.596,1704.65,1709.283,62122,23102
07/18/2012,1716.168,1728.222,1698.526,1719.51,71524,23136
07/19/2012,1726.564,1730.865,1713.208,1713.979,45044,23064
07/20/2012,1710.69,1717.266,1653.906,1653.92,68540,26250
07/23/2012,1631.023,1636.061,1590.749,1603.034,63408,25872
07/24/2012,1594.595,1632.732,1592.31,1618.065,84224,26876
07/25/2012,1611.308,1623.04,1554.35,1568.088,115450,34232
07/26/2012,1578.174,1598.394,1546.714,1584.853,174712,31894
07/27/2012,1590.752,1603.367,1570.121,1601.92,121754,30940
07/30/2012,1598.04,1612.434,1552.314,1563.682,164790,37274
07/31/2012,1560.584,1574.844,1546.961,1569.328,117466,35076
08/01/2012,1558.25,1597.91,1558.238,1585.556,121654,31332
08/02/2012,1584.74,1594.992,1568.828,1589.903,118078,32040
08/03/2012,1582.742,1601.642,1559.84,1569.175,152930,37712
08/06/2012,1576.606,1587.953,1557.426,1566.14,137030,45946
08/07/2012,1563.347,1575.498,1558.494,1569.858,103986,47700
08/08/2012,1572.876,1585.059,1568.045,1578.645,122550,42122
08/09/2012,1581.315,1590.142,1577.616,1586.67,72570,42636
08/10/2012,1586.325,1596.7,1576.462,1583.28,90868,40860
08/13/2012,1581.14,1588.561,1561.966,1563.996,81422,44722
08/14/2012,1562.668,1567.478,1511.352,1514.93,155524,58496
08/15/2012,1509.017,1533.748,1499.119,1522.229,160668,55458
08/16/2012,1529.211,1536.776,1513.258,1520.695,149468,51068
08/17/2012,1526.355,1535.97,1516.422,1527.213,122088,51128
08/20/2012,1530.509,1537.07,1518.568,1524.836,110156,44194
08/21/2012,1524.676,1526.661,1482.567,1493.658,188006,49858
08/22/2012,1491.723,1508.947,1482.774,1492.019,144308,51756
08/23/2012,1494.012,1509.107,1487.767,1500.3,126336,52108
08/24/2012,1498.513,1505.978,1473.516,1479.392,124146,55860
08/27/2012,1485.089,1494.822,1474.096,1479.979,131352,59588
08/28/2012,1473.999,1475.001,1444.608,1446.578,148776,63060
08/29/2012,1440.249,1446.328,1403.495,1419.63,248108,62032
08/30/2012,1414.936,1417.866,1366.379,1403.65,447746,68074
08/31/2012,1394.593,1414.318,1385.482,1397.861,233034,66730
09/03/2012,1397.584,1400.483,1381.384,1383.946,204636,74426
09/04/2012,1381.857,1381.857,1334.626,1334.694,387238,83092
09/05/2012,1318.198,1339.966,1298.049,1298.139,394858,87110
09/06/2012,1304.556,1330.264,1290.316,1316.55,650094,90592
09/07/2012,1313,1361,1313,1361,503946,81996
09/10/2012,1379,1421,1376,1421,531766,65884
09/11/2012,1425,1436,1392,1427,664432,63430
09/12/2012,1425,1469,1415,1453,1121574,95312
09/13/2012,1452,1464,1436,1441,976936,98014
09/14/2012,1474,1510,1441,1451,915226,120644
09/17/2012,1441,1454,1413,1441,856260,108568
09/18/2012,1424,1482,1420,1473,1041180,124220
09/19/2012,1482,1487,1460,1468,880192,122154
09/20/2012,1454,1469,1430,1432,916996,121210
09/21/2012,1441,1448,1415,1435,1033788,117634
09/24/2012,1427,1451,1414,1446,775736,132690
09/25/2012,1452,1474,1440,1448,998102,117756
09/26/2012,1432,1447,1428,1440,679446,107474
09/27/2012,1437,1494,1436,1458,542920,88772
09/28/2012,1465,1472,1459,1468,299176,69596
10/08/2012,1464,1480,1461,1472,261692,74038
10/09/2012,1478,1529,1475,1527,678924,116964
10/10/2012,1525,1559,1520,1544,853464,126864
10/11/2012,1538,1548,1523,1529,655962,128422
10/12/2012,1531,1577,1524,1557,1203584,142958
10/15/2012,1545,1567,1524,1531,1023174,155350
10/16/2012,1536,1558,1527,1552,960526,187134
10/17/2012,1555,1588,1555,1572,1181340,185196
10/18/2012,1576,1597,1574,1593,825522,188420
10/19/2012,1589,1601,1568,1573,939236,174864
10/22/2012,1559,1611,1558,1611,875204,175892
10/23/2012,1611,1622,1564,1572,1275120,167688
10/24/2012,1574,1598,1553,1594,1551822,163782
10/25/2012,1602,1606,1582,1600,1589214,153694
10/26/2012,1599,1605,1579,1594,1303254,152114
10/29/2012,1595,1600,1557,1560,1184026,169020
10/30/2012,1556,1570,1554,1561,803660,170414
10/31/2012,1564,1576,1549,1573,869474,173542
11/01/2012,1572,1594,1567,1589,785426,160316
11/02/2012,1587,1594,1567,1587,838650,145910
11/05/2012,1578,1602,1570,1582,1308024,152818
11/06/2012,1585,1592,1576,1577,855618,162822
11/07/2012,1578,1580,1548,1549,1249202,197308
11/08/2012,1535,1550,1528,1544,929856,188100
11/09/2012,1549,1569,1546,1558,842758,154672
11/12/2012,1555,1575,1555,1574,782020,146324
11/13/2012,1572,1580,1563,1568,610830,155184
11/14/2012,1570,1571,1563,1567,447280,141172
11/15/2012,1565,1579,1561,1573,538812,141188
11/16/2012,1574,1596,1574,1588,607350,136510
11/19/2012,1597,1599,1563,1566,747930,150100
11/20/2012,1572,1574,1563,1570,385322,148174
11/21/2012,1573,1594,1571,1593,547132,169412
11/22/2012,1596,1599,1583,1587,528258,164140
11/23/2012,1587,1591,1582,1588,252440,144054
11/26/2012,1586,1594,1571,1571,244480,154066
11/27/2012,1573,1574,1564,1568,434552,151646
11/28/2012,1565,1567,1552,1556,368252,148934
11/29/2012,1558,1561,1532,1534,458130,162396
11/30/2012,1538,1545,1518,1529,800124,152214
12/03/2012,1530,1570,1530,1562,608094,137142
12/04/2012,1564,1571,1553,1564,418054,122880
12/05/2012,1565,1592,1559,1586,558130,126080
12/06/2012,1587,1591,1570,1574,437554,116766
12/07/2012,1571,1606,1571,1604,779514,143814
12/10/2012,1605,1640,1604,1624,783900,143424
12/11/2012,1622,1631,1617,1622,563262,141878
12/12/2012,1624,1629,1613,1626,550532,143408
12/13/2012,1630,1630,1614,1619,377344,130612
12/14/2012,1615,1661,1615,1658,715058,138750
12/17/2012,1659,1676,1652,1669,573694,134262
12/18/2012,1672,1696,1669,1677,862980,123430
12/19/2012,1681,1683,1669,1679,430264,128642
12/20/2012,1674,1678,1655,1673,482130,130630
12/21/2012,1671,1692,1671,1677,512080,125202
12/24/2012,1679,1682,1664,1673,334050,127944
12/25/2012,1672,1712,1669,1706,645702,143144
12/26/2012,1706,1731,1704,1729,594226,163150
12/27/2012,1736,1782,1726,1729,984518,129512
12/28/2012,1728,1761,1723,1759,692110,127470
12/31/2012,1762,1826,1758,1824,1020558,140950
01/04/2013,1835,1844,1806,1840,915334,155092
01/07/2013,1838,1855,1811,1818,1027106,162242
01/08/2013,1817,1845,1797,1834,1176070,155544
01/09/2013,1836,1838,1804,1815,1035098,155156
01/10/2013,1818,1824,1801,1811,925716,153598
01/11/2013,1817,1819,1763,1766,1078712,147522
01/14/2013,1768,1856,1759,1829,1538134,179268
01/15/2013,1827,1835,1802,1811,1119628,177616
01/16/2013,1808,1812,1765,1790,1209710,169352
01/17/2013,1795,1822,1776,1820,1127354,216276
01/18/2013,1841,1868,1819,1868,1496208,236084
01/21/2013,1873,1899,1858,1868,1306292,233006
01/22/2013,1868,1882,1845,1875,1382228,208416
01/23/2013,1877,1892,1866,1886,1065278,223542
01/24/2013,1882,1884,1851,1870,1304434,210572
01/25/2013,1871,1886,1866,1877,916668,213672
01/28/2013,1876,1883,1864,1876,610314,206972
01/29/2013,1874,1900,1870,1893,876660,221538
01/30/2013,1896,1913,1890,1893,704790,211018
01/31/2013,1892,1910,1886,1909,603024,211158
02/01/2013,1912,1917,1900,1913,677688,191804
02/04/2013,1917,1949,1917,1941,571536,182400
02/05/2013,1933,1983,1933,1976,814980,198830
02/06/2013,1975,1997,1975,1995,681324,208254
02/07/2013,1997,2006,1957,1994,790540,165826
02/08/2013,1987,1999,1979,1985,344880,123406
02/18/2013,1976,1983,1941,1944,280522,128388
02/19/2013,1941,1968,1934,1960,624046,185058
02/20/2013,1962,1968,1928,1939,580080,185156
02/21/2013,1922,1926,1874,1874,401720,162258
02/22/2013,1853,1875,1833,1833,571880,139214
02/25/2013,1839,1854,1824,1835,670560,171892
02/26/2013,1823,1846,1804,1809,704618,164496
02/27/2013,1825,1842,1819,1839,787162,165008
02/28/2013,1845,1868,1845,1864,610264,162108
03/01/2013,1855,1857,1793,1833,1111522,168190
03/04/2013,1820,1823,1764,1772,1162570,180758
03/05/2013,1783,1811,1777,1803,810638,162196
03/06/2013,1808,1822,1784,1789,1256908,181566
03/07/2013,1788,1788,1756,1761,1098778,204280
03/08/2013,1771,1774,1718,1748,1398430,187350
03/11/2013,1743,1751,1726,1733,961398,198876
03/12/2013,1733,1743,1724,1734,941358,212960
03/13/2013,1742,1742,1708,1714,1295362,205096
03/14/2013,1700,1701,1652,1652,1026344,192150
03/15/2013,1652,1721,1640,1667,1794250,200656
03/18/2013,1650,1686,1634,1657,1522870,189004
03/19/2013,1665,1679,1660,1673,1168218,196016
03/20/2013,1657,1690,1655,1683,1072862,205398
03/21/2013,1689,1724,1682,1696,1559628,226362
03/22/2013,1688,1706,1674,1678,1001246,213418
03/25/2013,1686,1699,1679,1682,845162,216116
03/26/2013,1677,1686,1654,1660,1047868,212530
03/27/2013,1667,1670,1657,1657,540468,201194
03/28/2013,1657,1660,1603,1609,1223146,237058
03/29/2013,1594,1612,1567,1581,1432430,207018
04/01/2013,1580,1594,1556,1570,1324114,205100
04/02/2013,1566,1627,1565,1621,1721092,200236
04/03/2013,1618,1635,1607,1619,1431452,193322
04/08/2013,1602,1637,1595,1635,1373944,231090
04/09/2013,1639,1648,1628,1630,1493746,258348
04/10/2013,1635,1637,1607,1613,1032724,266490
04/11/2013,1611,1629,1596,1597,1180660,251854
04/12/2013,1595,1610,1588,1599,1491246,259128
04/15/2013,1580,1580,1543,1548,1284378,244676
04/16/2013,1517,1557,1508,1551,1556730,233998
04/17/2013,1556,1567,1511,1526,2032020,237156
04/18/2013,1499,1535,1478,1530,2387488,252740
04/19/2013,1543,1553,1519,1548,2109766,233266
04/22/2013,1545,1550,1520,1520,1251406,232202
04/23/2013,1525,1528,1490,1493,1251088,247326
04/24/2013,1496,1539,1484,1519,1937486,239366
04/25/2013,1521,1525,1506,1516,1459728,233688
04/26/2013,1531,1540,1498,1500,1256172,205070
05/02/2013,1469,1480,1458,1473,749762,233658
05/03/2013,1481,1510,1478,1498,1425796,267402
05/06/2013,1528,1532,1517,1518,850110,252426
05/07/2013,1516,1535,1502,1505,1547770,281470
05/08/2013,1507,1535,1504,1535,1127588,285738
05/09/2013,1540,1540,1512,1519,1002794,280528
05/10/2013,1512,1554,1508,1548,1459474,294788
05/13/2013,1548,1587,1536,1578,1738256,254348
05/14/2013,1575,1589,1553,1577,2259330,315578
05/15/2013,1573,1575,1519,1521,1715220,305588
05/16/2013,1520,1535,1496,1519,1881028,318342
05/17/2013,1526,1564,1516,1557,2101836,314668
05/20/2013,1555,1579,1554,1563,1609224,320528
05/21/2013,1571,1585,1553,1572,1787424,320920
05/22/2013,1568,1589,1565,1581,1506116,332406
05/23/2013,1570,1579,1549,1555,1702864,296896
05/24/2013,1562,1574,1556,1565,1414336,284590
05/27/2013,1553,1553,1526,1527,1375720,326236
05/28/2013,1530,1535,1513,1528,1272998,314628
05/29/2013,1526,1539,1495,1498,1286798,329780
05/30/2013,1491,1514,1487,1506,1568904,322346
05/31/2013,1511,1522,1480,1482,1707798,332632
06/03/2013,1490,1502,1474,1501,1610588,323504
06/04/2013,1505,1512,1493,1512,1371070,332204
06/05/2013,1511,1520,1499,1513,1278260,305220
06/06/2013,1506,1506,1448,1449,1737558,356862
06/07/2013,1449,1459,1434,1454,1423770,282106
06/13/2013,1445,1453,1438,1448,1005378,312056
06/14/2013,1458,1466,1446,1458,1316044,356592
06/17/2013,1464,1507,1461,1474,1763564,346784
06/18/2013,1476,1496,1468,1485,1460402,361046
06/19/2013,1489,1501,1481,1499,1606208,368336
06/20/2013,1489,1491,1436,1442,1742046,375586
06/21/2013,1425,1455,1406,1442,1868838,398206
06/24/2013,1440,1453,1414,1416,1755798,383054
06/25/2013,1421,1437,1405,1427,1836550,405284
06/26/2013,1435,1437,1397,1405,1593856,346310
06/27/2013,1410,1428,1405,1422,1541560,345216
06/28/2013,1419,1442,1415,1428,1430814,316222
07/01/2013,1425,1434,1418,1430,1077748,323158
07/02/2013,1437,1439,1424,1430,1191366,323836
07/03/2013,1427,1430,1410,1416,1615308,360342
07/04/2013,1414,1431,1408,1430,1229798,351378
07/05/2013,1429,1441,1425,1434,1025672,337590
07/08/2013,1429,1432,1405,1416,1127198,339622
07/09/2013,1417,1427,1413,1414,783070,347756
07/10/2013,1411,1441,1395,1437,1495234,310212
07/11/2013,1444,1467,1442,1454,1647450,300866
07/12/2013,1450,1450,1429,1432,956368,296154
07/15/2013,1432,1440,1418,1422,896694,307310
07/16/2013,1426,1428,1413,1424,806646,298382
07/17/2013,1426,1463,1425,1452,1793302,345496
07/18/2013,1451,1456,1441,1455,918304,309180
07/19/2013,1465,1480,1461,1471,1063674,294230
07/22/2013,1475,1483,1465,1469,904448,292974
07/23/2013,1466,1480,1463,1476,626210,295134
07/24/2013,1477,1485,1459,1474,1092384,285664
07/25/2013,1467,1479,1464,1469,691714,278292
07/26/2013,1473,1473,1460,1461,511400,261060
07/29/2013,1452,1456,1440,1444,502958,238608
07/30/2013,1445,1453,1436,1440,646530,239326
07/31/2013,1436,1453,1436,1452,511160,256244
08/01/2013,1459,1476,1455,1468,752922,296194
08/02/2013,1471,1481,1469,1479,511520,281902
08/05/2013,1480,1487,1477,1482,498412,292286
08/06/2013,1481,1482,1467,1475,544734,280774
08/07/2013,1470,1485,1467,1479,672866,278212
08/08/2013,1484,1514,1484,1511,711974,307080
08/09/2013,1514,1527,1504,1524,745212,298976
08/12/2013,1532,1573,1528,1572,1043756,304548
08/13/2013,1572,1607,1569,1604,1081118,285514
08/14/2013,1600,1629,1588,1594,1619546,303022
08/15/2013,1600,1613,1590,1597,1249058,285082
08/16/2013,1606,1607,1571,1581,1374106,263170
08/19/2013,1578,1624,1573,1596,1434862,279492
08/20/2013,1592,1612,1589,1601,1246302,263036
08/21/2013,1604,1612,1598,1607,849150,258872
08/22/2013,1603,1618,1596,1606,1016144,264950
08/23/2013,1608,1646,1607,1641,1295712,285862
08/26/2013,1661,1682,1644,1654,1139912,303734
08/27/2013,1649,1660,1642,1656,834130,278752
08/28/2013,1657,1666,1586,1586,1227698,278002
08/29/2013,1586,1594,1572,1587,835576,228774
08/30/2013,1589,1599,1568,1584,1009754,234466
09/02/2013,1595,1640,1595,1631,1113270,278190
09/03/2013,1634,1638,1606,1616,753990,265872
09/04/2013,1619,1627,1604,1612,726716,276490
09/05/2013,1607,1621,1606,1617,679744,266514
09/06/2013,1621,1627,1597,1613,937628,273598
09/09/2013,1618,1630,1617,1624,477658,264600
09/10/2013,1624,1625,1602,1612,671772,283258
09/11/2013,1619,1619,1603,1613,608354,297392
09/12/2013,1613,1613,1588,1588,792020,308196
09/13/2013,1587,1588,1575,1577,513452,316558
09/16/2013,1585,1602,1569,1572,631236,326944
09/17/2013,1571,1581,1547,1580,781592,298716
09/18/2013,1577,1600,1571,1593,709212,324860
09/23/2013,1591,1602,1580,1600,507184,331548
09/24/2013,1598,1604,1585,1589,497064,338134
09/25/2013,1588,1599,1581,1598,462144,314528
09/26/2013,1598,1605,1592,1594,414690,312732
09/27/2013,1592,1593,1575,1578,472900,322352
09/30/2013,1578,1578,1553,1555,376596,282334
10/08/2013,1552,1575,1525,1568,606122,298432
10/09/2013,1566,1581,1561,1573,516828,310500
10/10/2013,1568,1574,1561,1564,356700,314492
10/11/2013,1568,1582,1567,1573,336884,309950
10/14/2013,1575,1615,1565,1615,618308,338734
10/15/2013,1619,1635,1604,1611,702548,343106
10/16/2013,1608,1613,1593,1596,495514,344924
10/17/2013,1602,1610,1582,1583,535800,348924
10/18/2013,1588,1595,1579,1586,433096,355702
10/21/2013,1587,1626,1583,1626,604962,377986
10/22/2013,1624,1627,1608,1613,453992,381872
10/23/2013,1613,1618,1593,1605,546310,404618
10/24/2013,1601,1602,1574,1581,646690,417210
10/25/2013,1578,1590,1555,1556,666072,448596
10/28/2013,1557,1570,1554,1562,512206,441034
10/29/2013,1564,1573,1546,1565,795576,427382
10/30/2013,1568,1588,1563,1585,637824,411900
10/31/2013,1582,1587,1565,1572,713752,398928
11/01/2013,1573,1596,1568,1595,625742,389820
11/04/2013,1594,1602,1578,1581,602486,371460
11/05/2013,1580,1583,1566,1578,633150,360666
11/06/2013,1578,1584,1567,1572,622584,368496
11/07/2013,1573,1585,1569,1576,527578,360522
11/08/2013,1576,1578,1554,1554,671416,361674
11/11/2013,1558,1565,1553,1559,416710,340658
11/12/2013,1562,1576,1554,1575,591386,346626
11/13/2013,1572,1587,1569,1584,615764,344668
11/14/2013,1586,1596,1579,1586,464460,343266
11/15/2013,1588,1593,1572,1574,472540,328186
11/18/2013,1579,1589,1575,1584,559372,333434
11/19/2013,1581,1608,1580,1608,505896,348650
11/20/2013,1610,1619,1605,1610,599296,311676
11/21/2013,1608,1611,1597,1598,491238,306992
11/22/2013,1601,1615,1600,1603,448122,299180
11/25/2013,1607,1610,1595,1600,445678,304490
11/26/2013,1602,1624,1599,1611,644384,327044
11/27/2013,1609,1611,1598,1604,520600,296076
11/28/2013,1601,1616,1601,1609,430602,297646
11/29/2013,1612,1614,1605,1608,327756,289794
12/02/2013,1607,1624,1606,1621,522396,306448
12/03/2013,1618,1623,1612,1618,403294,286140
12/04/2013,1619,1639,1618,1630,565886,284086
12/05/2013,1633,1638,1616,1617,469666,283350
12/06/2013,1614,1618,1607,1614,503578,285802
12/09/2013,1614,1621,1609,1614,288808,272882
12/10/2013,1614,1619,1612,1614,285492,267120
12/11/2013,1614,1615,1604,1610,407066,278244
12/12/2013,1613,1624,1607,1608,484108,274258
12/13/2013,1604,1604,1553,1559,793438,252048
12/16/2013,1560,1568,1550,1559,456634,265158
12/17/2013,1566,1574,1557,1560,479036,241084
12/18/2013,1560,1567,1546,1564,539762,227140
12/19/2013,1568,1573,1551,1560,445574,222856
12/20/2013,1558,1560,1537,1539,481780,214046
12/23/2013,1540,1540,1519,1520,424428,229294
12/24/2013,1521,1533,1517,1527,384418,243880
12/25/2013,1530,1535,1509,1519,449744,247214
12/26/2013,1517,1520,1511,1514,302532,243432
12/27/2013,1515,1523,1507,1514,485482,237246
12/30/2013,1515,1521,1489,1491,460370,247106
12/31/2013,1485,1488,1458,1464,836802,220106
01/02/2014,1461,1470,1455,1460,422174,228992
01/03/2014,1457,1458,1428,1432,469084,229848
01/06/2014,1428,1440,1418,1424,565192,230240
01/07/2014,1426,1432,1415,1421,614820,245746
01/08/2014,1417,1426,1415,1420,337798,234792
01/09/2014,1416,1431,1377,1380,781130,276252
01/10/2014,1378,1395,1372,1390,669712,271542
01/13/2014,1394,1407,1376,1381,625814,261846
01/14/2014,1374,1403,1374,1400,607622,260352
01/15/2014,1398,1403,1390,1398,465706,251068
01/16/2014,1403,1406,1390,1394,500376,261020
01/17/2014,1391,1392,1375,1385,560508,265440
01/20/2014,1382,1390,1347,1356,816792,260818
01/21/2014,1359,1361,1347,1352,441964,266654
01/22/2014,1348,1372,1342,1351,718312,273240
01/23/2014,1349,1368,1346,1366,568236,256856
01/24/2014,1362,1383,1353,1381,847038,240064
01/27/2014,1375,1378,1364,1370,343738,225048
01/28/2014,1366,1368,1339,1346,382492,219072
01/29/2014,1348,1369,1342,1361,381886,193434
01/30/2014,1359,1368,1357,1364,185862,181726
02/07/2014,1365,1367,1320,1341,297020,189948
02/10/2014,1343,1357,1333,1352,566654,225974
02/11/2014,1347,1353,1331,1333,463650,244584
02/12/2014,1334,1339,1326,1336,343156,253950
02/13/2014,1333,1343,1332,1333,353724,243854
02/14/2014,1335,1337,1326,1329,337180,265912
02/17/2014,1327,1375,1326,1370,865920,248262
02/18/2014,1368,1371,1348,1351,438558,254064
02/19/2014,1356,1371,1354,1362,629260,268578
02/20/2014,1359,1363,1344,1350,478974,248852
02/21/2014,1353,1355,1339,1344,384310,257298
02/24/2014,1338,1340,1292,1293,778692,265870
02/25/2014,1294,1302,1288,1292,586750,253576
02/26/2014,1290,1304,1282,1298,651554,264898
02/27/2014,1295,1303,1292,1299,396968,270746
02/28/2014,1297,1303,1278,1289,673560,268504
03/03/2014,1286,1287,1267,1273,641856,300410
03/04/2014,1273,1275,1246,1258,748266,301502
03/05/2014,1261,1282,1248,1262,1183538,339056
03/06/2014,1257,1261,1247,1248,686530,348998
03/07/2014,1245,1252,1207,1208,1208752,339424
03/10/2014,1183,1195,1182,1182,337798,337650
03/11/2014,1152,1195,1131,1171,1666780,295170
03/12/2014,1148,1212,1145,1196,1904384,332286
03/13/2014,1197,1210,1191,1207,935786,316094
03/14/2014,1204,1205,1172,1196,1035056,301756
03/17/2014,1199,1206,1185,1192,917576,313704
03/18/2014,1193,1214,1186,1205,1067886,323566
03/19/2014,1201,1208,1193,1198,643084,313176
03/20/2014,1205,1215,1185,1187,1032332,308250
03/21/2014,1180,1188,1160,1164,1207562,327054
03/24/2014,1161,1180,1157,1179,878974,318540
03/25/2014,1179,1213,1177,1213,664696,293118
03/26/2014,1225,1225,1197,1200,882078,279412
03/27/2014,1195,1219,1188,1198,1292958,311112
03/28/2014,1198,1222,1197,1217,955960,300672
03/31/2014,1219,1236,1209,1214,1096340,285226
04/01/2014,1216,1221,1205,1219,656256,286542
04/02/2014,1224,1228,1211,1213,617146,304014
04/03/2014,1210,1247,1209,1229,1088094,299590
04/04/2014,1232,1259,1229,1256,891474,332524
04/08/2014,1257,1297,1256,1273,945026,345632
04/09/2014,1275,1276,1253,1258,513168,349066
04/10/2014,1256,1274,1239,1244,808768,333166
04/11/2014,1243,1253,1237,1247,484878,328524
04/14/2014,1247,1273,1238,1250,895230,346404
04/15/2014,1249,1267,1244,1266,637700,325018
04/16/2014,1263,1270,1249,1260,851154,336714
04/17/2014,1257,1266,1248,1248,518618,354428
04/18/2014,1246,1247,1196,1199,1062278,334796
04/21/2014,1198,1209,1190,1190,542064,335204
04/22/2014,1188,1210,1184,1203,702422,331708
04/23/2014,1207,1212,1165,1201,926062,335562
04/24/2014,1201,1216,1193,1207,850704,342232
04/25/2014,1211,1214,1203,1209,533316,330792
04/28/2014,1205,1205,1170,1184,738216,310640
04/29/2014,1188,1202,1185,1189,594380,321984
04/30/2014,1190,1194,1169,1170,569856,337974
05/05/2014,1167,1186,1158,1184,620938,319948
05/06/2014,1187,1192,1177,1179,496814,336710
05/07/2014,1177,1201,1176,1180,699812,344124
05/08/2014,1180,1188,1175,1183,475676,348114
05/09/2014,1185,1196,1180,1189,619098,342654
05/12/2014,1192,1218,1190,1217,748490,381024
05/13/2014,1220,1221,1202,1210,500710,348542
05/14/2014,1210,1217,1203,1206,534016,358288
05/15/2014,1208,1212,1193,1193,480228,341154
05/16/2014,1189,1190,1154,1154,711440,355346
05/19/2014,1152,1178,1142,1158,814150,345030
05/20/2014,1158,1168,1149,1150,570868,342930
05/21/2014,1146,1160,1136,1144,691312,341840
05/22/2014,1148,1177,1148,1155,715546,331462
05/23/2014,1158,1164,1151,1154,423666,325648
05/26/2014,1157,1202,1157,1198,957688,335072
05/27/2014,1198,1200,1189,1198,578718,342238
05/28/2014,1196,1196,1163,1172,773816,325660
05/29/2014,1171,1187,1167,1169,678054,316326
05/30/2014,1167,1172,1157,1168,636672,320446
06/03/2014,1174,1176,1155,1161,602390,308596
06/04/2014,1161,1169,1153,1167,484160,298010
06/05/2014,1170,1185,1158,1185,725724,332256
06/06/2014,1188,1193,1175,1186,596128,327578
06/09/2014,1184,1189,1178,1181,453344,304524
06/10/2014,1185,1188,1167,1176,643040,311498
06/11/2014,1175,1180,1161,1162,426954,316298
06/12/2014,1158,1159,1141,1145,522824,335002
06/13/2014,1142,1158,1139,1154,491664,310260
06/16/2014,1151,1159,1144,1144,532682,327166
06/17/2014,1142,1160,1140,1156,519382,317186
06/18/2014,1159,1160,1149,1151,383374,314344
06/19/2014,1151,1157,1143,1144,485324,318542
06/20/2014,1146,1174,1130,1159,1050326,298404
06/23/2014,1154,1172,1152,1152,730010,334424
06/24/2014,1149,1154,1146,1153,435046,323770
06/25/2014,1154,1164,1152,1155,395854,321174
06/26/2014,1155,1173,1151,1170,705502,342164
06/27/2014,1167,1173,1151,1153,524954,333996
06/30/2014,1151,1152,1141,1141,448862,334072
07/01/2014,1141,1149,1138,1143,487922,348850
07/02/2014,1144,1150,1128,1147,625438,349342
07/03/2014,1151,1152,1137,1138,367696,369546
07/04/2014,1138,1142,1128,1128,393074,385546
07/07/2014,1126,1136,1118,1134,638992,350500
07/08/2014,1136,1138,1123,1134,434368,354152
07/09/2014,1135,1136,1122,1126,475920,366138
07/10/2014,1125,1133,1120,1123,477890,366152
07/11/2014,1123,1127,1102,1108,680140,377160
07/14/2014,1108,1115,1101,1111,470780,385332
07/15/2014,1110,1128,1108,1121,532450,365874
07/16/2014,1120,1124,1112,1115,429424,374412
07/17/2014,1118,1123,1112,1115,439276,373070
07/18/2014,1116,1127,1108,1114,644420,364950
07/21/2014,1112,1125,1111,1125,396862,346192
07/22/2014,1126,1134,1122,1123,463706,324292
07/23/2014,1123,1125,1099,1105,782922,356360
07/24/2014,1098,1107,1096,1099,457970,352644
07/25/2014,1100,1109,1088,1091,516840,344600
07/28/2014,1092,1107,1083,1103,870240,342464
07/29/2014,1103,1120,1101,1112,714554,327662
07/30/2014,1110,1117,1102,1104,409966,322392
07/31/2014,1106,1108,1096,1100,363922,330260
08/01/2014,1098,1100,1086,1089,489866,351606
08/04/2014,1089,1110,1086,1108,582924,351978
08/05/2014,1111,1123,1105,1108,834862,336526
08/06/2014,1106,1118,1105,1110,498822,347880
08/07/2014,1108,1123,1108,1117,515436,345770
08/08/2014,1117,1124,1112,1115,424990,332746
08/11/2014,1115,1120,1113,1114,307256,344742
08/12/2014,1113,1115,1102,1103,363680,333512
08/13/2014,1103,1110,1100,1101,394038,345052
08/14/2014,1101,1101,1074,1076,684196,338730
08/15/2014,1077,1100,1073,1098,701002,342806
08/18/2014,1100,1104,1091,1092,491188,339084
08/19/2014,1091,1101,1086,1100,432256,343436
08/20/2014,1101,1102,1090,1091,292846,338930
08/21/2014,1091,1098,1089,1095,313332,333266
08/22/2014,1095,1112,1094,1101,406200,334112
08/25/2014,1102,1112,1098,1111,385112,330628
08/26/2014,1114,1123,1112,1123,328526,319866
08/27/2014,1124,1134,1111,1112,576644,309200
08/28/2014,1111,1116,1105,1106,448256,295910
08/29/2014,1106,1116,1103,1110,334272,287016
09/01/2014,1111,1114,1098,1098,307366,274468
09/02/2014,1096,1127,1094,1119,642156,298576
09/03/2014,1118,1120,1100,1100,504602,297306
09/04/2014,1097,1110,1096,1097,646918,286714
09/05/2014,1099,1104,1087,1088,464152,291570
09/09/2014,1086,1093,1064,1069,548686,323508
09/10/2014,1068,1085,1061,1079,664004,334512
09/11/2014,1078,1080,1071,1073,265318,327752
09/12/2014,1073,1083,1069,1080,266056,334002
09/15/2014,1080,1106,1078,1097,423132,324878
09/16/2014,1099,1103,1088,1089,341556,327774
09/17/2014,1089,1104,1088,1099,363054,322954
09/18/2014,1099,1102,1092,1093,237522,327008
09/19/2014,1092,1093,1079,1083,334794,316618
09/22/2014,1082,1091,1046,1056,903940,311466
09/23/2014,1055,1083,1053,1073,662020,313260
09/24/2014,1072,1079,1068,1075,314852,310230
09/25/2014,1073,1079,1058,1060,491448,271480
09/26/2014,1059,1074,1055,1069,421704,264406
09/29/2014,1067,1071,1052,1057,335218,243240
09/30/2014,1058,1068,1055,1057,200564,219058
10/08/2014,1063,1083,1061,1062,145460,228280
10/09/2014,1063,1099,1059,1094,666764,299434
10/10/2014,1095,1096,1077,1085,437150,272238
10/13/2014,1086,1118,1085,1105,825932,303240
10/14/2014,1104,1104,1093,1095,280708,283564
10/15/2014,1095,1102,1088,1090,275922,280982
10/16/2014,1088,1088,1071,1081,319508,271762
10/17/2014,1078,1090,1073,1082,307636,282540
10/20/2014,1085,1094,1080,1088,380356,260638
10/21/2014,1089,1090,1080,1082,205630,263550
10/22/2014,1086,1092,1072,1079,445018,257060
10/23/2014,1081,1085,1075,1084,224302,256176
10/24/2014,1083,1105,1083,1105,508838,301042
10/27/2014,1106,1109,1089,1092,346996,260450
10/28/2014,1090,1092,1078,1081,320952,259950
10/29/2014,1084,1088,1076,1085,292288,248636
10/30/2014,1086,1093,1081,1082,287128,251702
10/31/2014,1082,1088,1079,1082,260500,237740
11/03/2014,1081,1094,1081,1083,294668,243928
11/04/2014,1083,1085,1064,1071,406640,231114
11/05/2014,1065,1074,1054,1057,450160,223022
11/06/2014,1057,1065,1052,1060,244416,226400
11/07/2014,1058,1068,1058,1067,244000,214276
11/10/2014,1066,1076,1066,1073,192522,214662
11/11/2014,1073,1074,1062,1066,194248,225516
11/12/2014,1068,1070,1063,1070,141870,216352
11/13/2014,1069,1071,1062,1066,131144,209176
11/14/2014,1067,1068,1063,1065,88580,196214
11/17/2014,1063,1072,1063,1065,112580,195206
11/18/2014,1064,1064,1048,1049,253644,207958
11/19/2014,1049,1051,1043,1049,151084,208164
11/20/2014,1050,1053,1047,1048,84746,206332
11/21/2014,1049,1049,1035,1045,227096,198800
11/24/2014,1055,1069,1042,1043,361330,210000
11/25/2014,1042,1048,1035,1047,255706,210768
11/26/2014,1046,1049,1040,1044,210986,217456
11/27/2014,1044,1064,1042,1059,328526,216198
11/28/2014,1057,1057,1046,1050,347722,213768
12/01/2014,1049,1051,1018,1045,340708,207776
12/02/2014,1047,1058,1043,1045,264860,212724
12/03/2014,1044,1050,1042,1049,170726,212360
12/04/2014,1049,1057,1047,1051,303954,221062
12/05/2014,1050,1053,1048,1050,140058,220744
12/08/2014,1050,1054,1047,1048,158328,229012
12/09/2014,1046,1050,1039,1049,227936,234694
12/10/2014,1049,1054,1046,1052,148736,233144
12/11/2014,1051,1056,1046,1056,151680,226640
12/12/2014,1056,1062,1055,1059,267380,238434
12/15/2014,1060,1061,1055,1059,104124,233488
12/16/2014,1058,1059,1050,1055,155092,238946
12/17/2014,1054,1055,1036,1041,225594,253018
12/18/2014,1039,1053,1031,1053,179172,239876
12/19/2014,1052,1061,1049,1061,134054,240242
12/22/2014,1061,1061,1040,1042,239392,249998
12/23/2014,1039,1041,1023,1023,395086,301200
12/24/2014,1021,1036,1019,1033,251628,282620
12/25/2014,1033,1036,1028,1029,107396,285496
12/26/2014,1029,1033,1027,1030,87928,276928
12/29/2014,1028,1034,1026,1030,150910,275014
12/30/2014,1031,1070,1030,1070,523878,227592
12/31/2014,1080,1081,1053,1058,323230,158332
01/05/2015,1048,1064,1042,1053,98234,146720
01/06/2015,1053,1080,1051,1070,371840,166088
01/07/2015,1071,1076,1062,1072,169038,166302
01/08/2015,1073,1082,1068,1080,227106,166144
01/09/2015,1079,1081,1071,1076,152524,146438
01/12/2015,1074,1080,1059,1060,154892,137154
01/13/2015,1059,1061,1052,1061,75222,139632
01/14/2015,1058,1064,1050,1057,142598,136980
01/15/2015,1059,1064,1053,1060,132332,149020
01/16/2015,1066,1068,1053,1054,87624,138840
01/19/2015,1046,1058,1039,1044,220650,148190
01/20/2015,1043,1045,1031,1039,158030,121454
01/21/2015,1040,1045,1037,1038,75090,117844
01/22/2015,1039,1044,1034,1035,88734,116692
01/23/2015,1035,1039,1032,1035,106846,121078
01/26/2015,1037,1037,1017,1019,159254,132410
01/27/2015,1019,1033,1018,1026,80914,122330
01/28/2015,1025,1030,1023,1029,41122,121696
01/29/2015,1030,1033,1025,1027,59522,115586
01/30/2015,1027,1029,1025,1027,27788,113392
02/02/2015,1027,1031,1026,1029,40952,112034
02/03/2015,1029,1037,1028,1033,72944,104446
02/04/2015,1034,1040,1029,1030,71716,109416
02/05/2015,1033,1035,1031,1033,39756,106264
02/06/2015,1032,1043,1032,1041,72118,112420
02/09/2015,1042,1048,1033,1036,42148,106756
02/10/2015,1037,1039,1035,1037,19618,104772
02/11/2015,1037,1038,1034,1038,18482,100974
02/12/2015,1038,1039,1034,1035,18658,98300
02/13/2015,1036,1045,1034,1042,48926,96654
02/16/2015,1041,1045,1040,1042,34780,87488
02/17/2015,1042,1042,1029,1032,42826,81354
02/25/2015,1027,1031,1021,1022,34164,80860
02/26/2015,1022,1031,1022,1030,29118,84084
02/27/2015,1030,1031,1024,1025,27936,83728
03/02/2015,1025,1028,1021,1027,58966,89256
03/03/2015,1027,1030,1023,1026,37968,85134
03/04/2015,1027,1027,1024,1026,20664,81706
03/05/2015,1025,1025,1002,1006,82300,92330
03/06/2015,1006,1011,1004,1007,31886,95150
03/09/2015,1007,1016,1004,1012,52144,88770
03/10/2015,1014,1015,1008,1009,29428,85422
03/11/2015,1008,1013,1005,1010,25746,84748
03/12/2015,1008,1012,1008,1012,19120,84534
03/13/2015,1013,1014,1006,1012,33622,84506
03/16/2015,1011,1013,998,1008,69206,89894
03/17/2015,1010,1010,1001,1003,34060,94972
03/18/2015,999,1002,987,990,79046,98598
03/19/2015,990,994,985,988,38370,95508
03/20/2015,988,992,984,984,28630,94806
03/23/2015,984,988,972,977,74390,102476
03/24/2015,975,986,974,977,66406,102008
03/25/2015,977,978,957,966,161734,126826
03/26/2015,970,970,959,961,82258,125476
03/27/2015,960,961,937,948,186956,127612
03/30/2015,946,958,941,942,123310,124358
03/31/2015,946,948,936,939,146516,126336
04/01/2015,939,946,935,941,101810,128360
04/02/2015,939,945,925,928,131144,126794
04/03/2015,925,934,923,929,91994,123758
04/07/2015,925,933,924,929,49028,122592
04/08/2015,929,930,900,913,169520,125358
04/09/2015,915,916,898,902,91474,124794
04/10/2015,903,904,884,889,126994,128632
04/13/2015,889,920,888,918,195842,128502
04/14/2015,917,924,908,922,155974,125972
04/15/2015,919,919,900,901,160122,143446
04/16/2015,901,917,898,911,119574,132302
04/17/2015,912,916,908,909,71598,130794
04/20/2015,908,911,889.5,893.5,155344,137822
04/21/2015,892,899.5,891,899,68372,136808
04/22/2015,897.5,917,897.5,909,164480,127288
04/23/2015,909.5,914,900.5,901.5,104376,128328
04/24/2015,902.5,932,902.5,926.5,281072,131076
04/27/2015,927.5,955.5,922,945,376784,147432
04/28/2015,943.5,945,927,931.5,261130,158218
04/29/2015,930,935.5,901.5,906,280512,157964
04/30/2015,906,919.5,906,913,187982,141846
05/04/2015,907,918,883,909.5,347234,177090
05/05/2015,908.5,940,908.5,931,667024,206002
05/06/2015,934,941.5,924,935,512796,222800
05/07/2015,935.5,938,920.5,924.5,287190,221806
05/08/2015,924,939,921,934.5,562758,219922
05/11/2015,935.5,939.5,927,931.5,309632,222932
05/12/2015,931.5,935,914.5,915.5,307448,219970
05/13/2015,918.5,925.5,912.5,914.5,280226,212754
05/14/2015,915.5,920,902,910.5,381794,197486
05/15/2015,911,919.5,909.5,917,201120,191710
05/18/2015,916.5,924.5,914,915,193762,184300
05/19/2015,913.5,916,909.5,910.5,147848,179308
05/20/2015,909,911,894.5,903.5,229818,168850
05/21/2015,903.5,915,901,912,195264,171066
05/22/2015,912.5,916.5,905,914,170984,174570
05/25/2015,911.5,914.5,907,912.5,155890,174242
05/26/2015,910.5,922.5,909.5,911,286954,180940
05/27/2015,910.5,917.5,910.5,914.5,121380,172336
05/28/2015,914,917.5,910,916,125880,165000
05/29/2015,915,917.5,910.5,917,168420,164928
06/01/2015,917,930,917,925,264284,174428
06/02/2015,926,929.5,921.5,927,141696,173896
06/03/2015,927,927,920,921,99612,165760
06/04/2015,921,924,914.5,923.5,146122,161652
06/05/2015,922.5,924,916,916.5,96184,159964
06/08/2015,917.5,919,913,915,74800,153898
06/09/2015,915,917,913.5,914.5,64268,149714
06/10/2015,915.5,921,914.5,921,103598,155090
06/11/2015,921,922.5,917,917.5,91600,154406
06/12/2015,917.5,918.5,903.5,904,160654,142008
06/15/2015,904,908.5,899,901,97530,144600
06/16/2015,901,904.5,896,900.5,93926,146116
06/17/2015,900.5,901.5,883.5,884,225880,176378
06/18/2015,884.5,887.5,880.5,881.5,154546,182848
06/19/2015,881.5,888.5,881.5,885.5,89348,165236
06/23/2015,885,888.5,881,884,56920,167876
06/24/2015,884,890,881.5,886.5,90268,170056
06/25/2015,886.5,887.5,877,877,143462,184064
06/26/2015,878,886,875.5,880.5,110800,165626
06/29/2015,882.5,882.5,871.5,872.5,127262,175902
06/30/2015,872.5,875.5,863.5,871,170636,157280
07/01/2015,871,887.5,870,876.5,140088,151984
07/02/2015,876,884,873,881,106768,150520
07/03/2015,878.5,887.5,878.5,885,109832,138378
07/06/2015,883,883.5,847.5,854,233508,147182
07/07/2015,857,858.5,845.5,846.5,195268,134522
07/08/2015,849.5,853.5,817.5,817.5,230180,102156
07/09/2015,792,861,786,830.5,383476,83152
07/10/2015,830.5,840.5,813.5,813.5,269466,108516
07/13/2015,812,819,809.5,815,139878,104954
07/14/2015,816.5,823.5,810.5,811,95816,101796
07/15/2015,811.5,816,806.5,807,78908,104534
07/16/2015,807.5,815,803.5,810,92072,101908
07/17/2015,808,813.5,808,812.5,45136,101070
07/20/2015,808.5,825.5,808.5,823,131978,100254
07/21/2015,826.5,826.5,810.5,814,86166,103532
07/22/2015,814,815.5,802,806.5,114462,109510
07/23/2015,807,811.5,803,806.5,54158,106304
07/24/2015,806,809,804,804.5,45488,103308
07/27/2015,805,816.5,804,808.5,75908,96032
07/28/2015,808,816,805,813.5,75256,94436
07/29/2015,813.5,827.5,813,823.5,120360,92154
07/30/2015,825.5,825.5,811.5,812,80134,97974
07/31/2015,812.5,822.5,811,821.5,63460,92954
08/03/2015,824.5,826.5,814,815.5,97074,91900
08/04/2015,813,818,810.5,817.5,74452,91114
08/05/2015,820.5,820.5,813,816.5,64534,91448
08/06/2015,815,818.5,812,815.5,50856,93626
08/07/2015,816,816.5,811.5,814.5,52802,87870
08/10/2015,813,815.5,807.5,810,58354,90740
08/11/2015,810,822,808.5,816.5,102782,84594
08/12/2015,814,832,814,831,98010,84182
08/13/2015,831,834,821.5,827,149766,94702
08/14/2015,825,830,825,828,76020,96062
08/17/2015,828.5,829.5,816.5,820,80632,89798
08/18/2015,818,820,814.5,815.5,79056,98140
08/19/2015,814.5,818.5,811.5,818,60186,91764
08/20/2015,819,820.5,811.5,811.5,73234,85150
08/21/2015,812,813.5,809,812.5,36954,79530
08/24/2015,811.5,811.5,783.5,786.5,181848,94898
08/25/2015,784,799.5,783.5,791,88220,87094
08/26/2015,800.5,801,786.5,788.5,85308,89120
08/27/2015,791.5,798,787.5,798,54786,81994
08/28/2015,797.5,813,795.5,808,94776,74166
08/31/2015,806,806,793,793,71540,74760
09/01/2015,790.5,796.5,789.5,793,39396,74278
09/02/2015,791.5,793,787,788,46980,78052
09/07/2015,785.5,791,785.5,789,36230,80986
09/08/2015,789.5,794,787,793.5,48460,80684
09/09/2015,793.5,804.5,792.5,795.5,122856,86502
09/10/2015,797.5,797.5,787.5,793.5,73950,87120
09/11/2015,793.5,797.5,789.5,791,62164,88274
09/14/2015,788.5,790,774.5,777.5,182528,127902
09/15/2015,776,781.5,776,777.5,71394,116560
09/16/2015,778,783.5,775.5,781.5,114694,108944
09/17/2015,779.5,779.5,775,776.5,63178,105388
09/18/2015,776,780.5,775,777,62724,103626
09/21/2015,775,783,771.5,778,101520,103982
09/22/2015,779,782,774,774,64500,102716
09/23/2015,772.5,773,768,770.5,98402,111106
09/24/2015,771,772.5,768.5,770.5,42342,112696
09/25/2015,768.5,774.5,768,771.5,59770,100042
09/28/2015,771.5,771.5,765,766,41290,102586
09/29/2015,764.5,767,762,763,46444,91150
09/30/2015,764,765,756,759.5,66360,108870
10/08/2015,765,765,753,758,45546,114352
10/09/2015,756,766.5,756,764,86902,111254
10/12/2015,765,765,741.5,744,221796,183560
10/13/2015,744,745,739.5,743,105810,187886
10/14/2015,742,743.5,734,738,117950,214314
10/15/2015,737,741,734.5,736.5,87568,209952
10/16/2015,736.5,742,735,739,84064,201046
10/19/2015,739,741,733.5,735,84524,202454
10/20/2015,735,738,732.5,736.5,83130,201080
10/21/2015,738,738,733,736,80268,204060
10/22/2015,735.5,740,731.5,738,90642,202940
10/23/2015,738.5,741,734,739,97836,197972
10/26/2015,738,739,733,736,64038,193452
10/27/2015,734.5,737,725,727,170736,233868
10/28/2015,724.5,727.5,722,723.5,93822,239676
10/29/2015,724.5,727,720.5,722,85784,239846
10/30/2015,722,726,721,723.5,55870,233216
11/02/2015,723.5,724.5,715,717,94758,249714
11/03/2015,715,716.5,713,716,70174,252102
11/04/2015,716.5,716.5,710.5,712.5,94256,253280
11/05/2015,712,715.5,706.5,709,100070,255570
11/06/2015,707.5,713,707.5,711.5,63852,248414
11/09/2015,712,712,708,710,47712,248544
11/10/2015,710.5,713.5,709,712.5,68588,242008
11/11/2015,712.5,712.5,703.5,705,74780,246340
11/12/2015,704.5,704.5,695,697,132300,269178
11/13/2015,697,700.5,694.5,698,94102,261182
11/16/2015,697.5,698.5,688,692,144124,283482
11/17/2015,690.5,692.5,687.5,691,105962,289690
11/18/2015,691,692,684.5,688.5,86540,293486
11/19/2015,690.5,690.5,658.5,658.5,303074,290418
11/20/2015,652.5,662.5,639,648,437956,266824
11/23/2015,651.5,652,642,643,234892,258962
11/24/2015,648.5,655.5,644,652.5,229060,253014
11/25/2015,651.5,663,646,659.5,270970,250578
11/26/2015,657,677,651.5,661.5,374326,229574
11/27/2015,660.5,660.5,642.5,643.5,268298,243992
11/30/2015,643,649.5,634.5,639.5,203424,248022
12/01/2015,639,642,633.5,639.5,148696,249978
12/02/2015,637.5,651.5,636.5,644.5,285978,248104
12/03/2015,643.5,645,637.5,638,142208,245610
12/04/2015,638.5,643.5,626,633.5,273964,248170
12/07/2015,634,639,632.5,638,128110,246330
12/08/2015,636,638,628.5,634.5,163652,242754
12/09/2015,633.5,636,628.5,630,153100,248856
12/10/2015,629.5,631.5,626.5,628.5,122772,249970
12/11/2015,628,632,625,631,105908,241200
12/14/2015,631,638.5,628.5,634,153904,241564
12/15/2015,632,640,631,631.5,160922,231372
12/16/2015,632.5,635,630.5,632.5,72180,227438
12/17/2015,633,640.5,631,631.5,142588,237250
12/18/2015,631,641.5,631,640.5,142408,234468
12/21/2015,641,651.5,639,648,269140,222404
12/22/2015,647.5,649,639.5,645,170270,222818
12/23/2015,643,645.5,640.5,642.5,112882,211806
12/24/2015,643,645,634.5,636.5,156526,209870
12/25/2015,636.5,639.5,631.5,634,111198,204788
12/28/2015,633.5,634.5,629.5,631.5,97994,198192
12/29/2015,631,643.5,631,642,164710,201776
12/30/2015,642.5,657.5,642,644.5,235354,192798
12/31/2015,644.5,650,641,642.5,182380,185776
01/04/2016,646.5,651,635,635.5,121200,177194
01/05/2016,635.5,640.5,633,639,108066,180030
01/06/2016,638.5,639,623.5,624,183858,186738
01/07/2016,622.5,627.5,617.5,619,163642,184740
01/08/2016,619.5,624.5,616,621.5,148654,179096
01/11/2016,620.5,627,618.5,621.5,123276,175052
01/12/2016,621.5,622.5,609.5,611,189396,185970
01/13/2016,611.5,618,611,615.5,175764,175864
01/14/2016,616.5,620.5,609,619.5,193152,168422
01/15/2016,618.5,630,618,624.5,219796,162840
01/18/2016,622.5,637.5,620,636.5,252398,157498
01/19/2016,636.5,640.5,631.5,639,175694,163040
01/20/2016,639,640,630,631.5,175534,167460
01/21/2016,631,638,627,634.5,176190,166742
01/22/2016,636,650.5,632,644.5,324840,182038
01/25/2016,645,652.5,642.5,643,195400,178894
01/26/2016,640.5,647,638.5,645.5,156536,170530
01/27/2016,647,652.5,643,651,172080,173848
01/28/2016,650.5,651.5,640,642,135922,166020
01/29/2016,642.5,644.5,634.5,637.5,155994,162358
02/01/2016,635.5,647.5,635.5,640.5,150076,155140
02/02/2016,640.5,642.5,638,640,70364,153496
02/03/2016,641,642.5,638,642,63370,149716
02/04/2016,641.5,649.5,641.5,647,138014,148330
02/05/2016,647.5,648,638,639,78644,144126
02/15/2016,636.5,646,630,640,103108,141302
02/16/2016,640,656.5,640,655,258650,169516
02/17/2016,655,659.5,651,652,205014,163962
02/18/2016,653,656,649,656,116854,167880
02/19/2016,656,668.5,654,666,226238,194934
02/22/2016,665,688,662,687.5,339640,211462
02/23/2016,688,698.5,682,689,324604,187264
02/24/2016,690,706.5,685,702.5,490090,231968
02/25/2016,702.5,704.5,693,697.5,380576,216644
02/26/2016,699,702.5,684.5,699.5,412378,210158
02/29/2016,700,709,690,708.5,452358,228582
03/01/2016,713.5,713.5,700.5,706,428004,207808
03/02/2016,706.5,708.5,701,707.5,316692,202016
03/03/2016,706,715.5,701,702,364076,196514
03/04/2016,701.5,707,694,705.5,438430,191524
03/07/2016,707,729,706.5,729,371392,221380
03/08/2016,764.5,764.5,714.5,753.5,1061114,211360
03/09/2016,736,739,717,721.5,807786,156814
03/10/2016,725.5,751,722,723.5,726980,159432
03/11/2016,723,737.5,719.5,731,425174,164076
03/14/2016,728,759.5,725,737,964908,171464
03/15/2016,738,752,733.5,734,696428,185158
03/16/2016,736,747,734.5,747,399048,185046
03/17/2016,745.5,762,742.5,752.5,481138,172314
03/18/2016,752.5,779.5,748,766.5,823816,188960
03/21/2016,763.5,785,760.5,761,645592,177918
03/22/2016,760.5,767,757,763.5,364038,165848
03/23/2016,764,780,757.5,770,631474,167870
03/24/2016,770,774.5,745.5,752,631910,163020
03/25/2016,751.5,765.5,751.5,765,354116,155656
03/28/2016,763,787.5,763,772,748574,179424
03/29/2016,776,785,769.5,782.5,539404,201736
03/30/2016,783.5,787,766,772,621446,188234
03/31/2016,772.5,790,768,788,599150,224978
04/01/2016,790.5,808,788,808,890258,266722
04/05/2016,812,822,807,819.5,528946,237084
04/06/2016,818,823,807,810.5,593074,226632
04/07/2016,811.5,830.5,808,822.5,757760,261962
04/08/2016,820.5,832.5,816,831.5,791752,291762
04/11/2016,833.5,857.5,833.5,857.5,1068316,317226
04/12/2016,861,899.5,859,899.5,1151606,294024
04/13/2016,905,947.5,896.5,924,2273212,280586
04/14/2016,922,926,902,910.5,1487188,275024
04/15/2016,914,915,879,879,1293264,246080
04/18/2016,875.5,954,869,939,1987976,256642
04/19/2016,943.5,965,935,961,1930316,289990
04/20/2016,973.5,1007,971.5,1007,2130298,286552
04/21/2016,1006,1046.5,996,1025.5,1874156,266596
04/22/2016,1027.5,1083,1000,1062.5,2443470,329608
04/25/2016,1060.5,1110,1060,1110,2197372,385720
04/26/2016,1113.5,1141.5,1069,1101,2472904,406724
04/27/2016,1095.5,1101.5,1043.5,1056.5,1867734,365400
04/28/2016,1050,1064.5,1020.5,1056,985116,365378
04/29/2016,1060,1107,1059.5,1107,657564,361142
05/03/2016,1109.5,1129.5,1048,1075.5,666382,357114
05/04/2016,1071,1074,1034.5,1065,675276,355866
05/05/2016,1069,1079.5,1019.5,1025,685100,354068
05/06/2016,1035.5,1036,978.5,983,712550,299586
05/09/2016,989,1023.5,928,929,992230,262010
05/10/2016,918.5,945.5,904.5,935,580720,243230
05/11/2016,940.5,949.5,906.5,915,442006,250108
05/12/2016,917.5,934.5,905,912,355224,242218
05/13/2016,909,912,854,868.5,463716,224420
05/16/2016,863.5,891.5,856.5,872,353604,222562
05/17/2016,871,927.5,869.5,923,366572,234648
05/18/2016,920,935.5,885,891.5,408762,229776
05/19/2016,892,916.5,874.5,896.5,348140,226090
05/20/2016,897,924.5,889,919.5,273688,234116
05/23/2016,920,926,847.5,861.5,465382,227430
05/24/2016,858.5,859.5,821,828.5,317766,225026
05/25/2016,830.5,842.5,812.5,816.5,271830,235990
05/26/2016,826.5,843.5,819,840.5,260414,226258
05/27/2016,844.5,861.5,809.5,848.5,425194,226976
05/30/2016,848.5,852,822.5,846,227352,216614
05/31/2016,846.5,878,843.5,849.5,215538,213148
06/01/2016,849.5,851.5,832.5,846,150016,200894
06/02/2016,843.5,860.5,836.5,851,131326,199528
06/03/2016,850,866.5,847,856,117776,196074
06/06/2016,859.5,887.5,846.5,886.5,223500,201226
06/07/2016,884,900.5,878.5,886.5,162222,189334
06/08/2016,884,897,877.5,879.5,144148,182458
06/13/2016,872.5,891,854.5,874,150366,191714
06/14/2016,872,881.5,828,831.5,226440,209062
06/15/2016,827.5,840.5,827,834.5,129538,198126
06/16/2016,847,855.5,832.5,833,144782,199278
06/17/2016,832.5,855.5,829.5,853,139444,179610
06/20/2016,856,864.5,838.5,844,121804,178972
06/21/2016,839,858.5,837.5,842,143054,186150
06/22/2016,841,873,841,870.5,146390,185826
06/23/2016,873.5,877,862,875.5,109972,181790
06/24/2016,878,891.5,867,879,172530,187170
06/27/2016,878.5,938.5,874,936,233820,182766
06/28/2016,936,939.5,912.5,936,154874,167356
06/29/2016,931.5,949,919,932.5,163642,161334
06/30/2016,930.5,962,928,957,145486,159962
07/01/2016,954,969,937.5,954,124076,148688
07/04/2016,959.5,992,953.5,980.5,168576,165194
07/05/2016,980,986.5,921,956,158486,144618
07/06/2016,957.5,962.5,924,944,145252,139156
07/07/2016,938,974,934,951.5,121418,135846
07/08/2016,949,961.5,935.5,961,101590,124250
07/11/2016,964,978.5,939,963.5,90590,125894
07/12/2016,964.5,1023.5,960,1023,198440,175244
07/13/2016,1025.5,1045,1007,1017.5,177328,162420
07/14/2016,1023.5,1028,996.5,1019.5,122934,150456
07/15/2016,1016,1034.5,1008.5,1027,106600,155062
07/18/2016,1032,1034,955,965,166188,146746
07/19/2016,965,986,948.5,959,165016,131896
07/20/2016,957,981,956.5,967.5,95818,126676
07/21/2016,964.5,1029.5,960.5,1020,167254,155790
07/22/2016,1017.5,1029.5,999,1008.5,186878,155200
07/25/2016,1016.5,1056.5,998.5,1053.5,257004,201066
07/26/2016,1054.5,1054.5,1028,1047.5,169992,176572
07/27/2016,1043.5,1078,1043.5,1072,212942,197006
07/28/2016,1074,1089,1064,1079,157912,187774
07/29/2016,1085.5,1085.5,1060.5,1068,146388,179554
08/01/2016,1065.5,1111.5,1063.5,1104.5,213244,204816
08/02/2016,1101,1132,1101,1126,174334,208398
08/03/2016,1126.5,1135,1111.5,1124,131358,202436
08/04/2016,1125.5,1129,1095,1114,181852,208160
08/05/2016,1122.5,1149,1114,1149,194618,217722
08/08/2016,1149,1210.5,1140.5,1210,260470,245114
08/09/2016,1229,1232,1191,1213,368028,234866
08/10/2016,1213,1261,1206.5,1237,373774,255410
08/11/2016,1246.5,1246.5,1193.5,1221,309158,242944
08/12/2016,1224.5,1231.5,1196.5,1216.5,277874,243444
08/15/2016,1202.5,1214.5,1169,1184.5,317108,236760
08/16/2016,1184,1249.5,1175.5,1237.5,357362,265656
08/17/2016,1237.5,1268.5,1235,1241,333362,259650
08/18/2016,1242,1273,1222,1237.5,407296,274800
08/19/2016,1245,1249,1224,1239.5,245660,255778
08/22/2016,1235.5,1280,1234.5,1261,289298,274538
08/23/2016,1263,1281.5,1254,1277.5,221964,271052
08/24/2016,1278,1289,1264,1276,190338,262786
08/25/2016,1278,1289,1212,1257,405162,289088
08/26/2016,1256,1263,1233.5,1234.5,264070,273152
08/29/2016,1237.5,1238,1202.5,1233,299862,269886
08/30/2016,1232,1243,1224,1237,240850,271738
08/31/2016,1239.5,1259,1176,1177,479016,291582
09/01/2016,1179.5,1201,1157.5,1193,382852,291558
09/02/2016,1193,1240.5,1178,1224,422918,297930
09/05/2016,1228.5,1283,1222.5,1274,384522,299724
09/06/2016,1276,1284,1261.5,1274.5,243890,287452
09/07/2016,1277,1277,1188.5,1191,507742,300728
09/08/2016,1190,1226,1185.5,1209.5,392686,297496
09/09/2016,1212.5,1215,1161,1186,453400,309602
09/12/2016,1186,1207.5,1142.5,1144,475540,307280
09/13/2016,1145.5,1173,1112,1132,463836,306238
09/14/2016,1130.5,1142,1117,1131,280810,273056
09/19/2016,1116.5,1157,1110,1151.5,206376,264448
09/20/2016,1152,1197,1149.5,1183,319876,270064
09/21/2016,1183.5,1227,1162.5,1218.5,387460,291834
09/22/2016,1219,1267,1209,1215.5,454936,289648
09/23/2016,1218.5,1246.5,1214.5,1246,341688,293246
09/26/2016,1247,1280.5,1240.5,1269.5,342204,313650
09/27/2016,1269,1269.5,1228.5,1250,335370,305676
09/28/2016,1242.5,1258,1228.5,1256,272490,295532
09/29/2016,1256,1317,1256,1290.5,400822,328138
09/30/2016,1292.5,1307.5,1270,1306.5,267070,275828
10/10/2016,1322,1326.5,1284,1325.5,241276,330364
10/11/2016,1328.5,1356,1315,1354.5,298994,361570
10/12/2016,1355.5,1391,1339,1390.5,326896,384760
10/13/2016,1390.5,1427,1385.5,1413.5,455528,412860
10/14/2016,1417,1474,1395,1448.5,432810,393630
10/17/2016,1444,1491,1442,1478.5,436328,408384
10/18/2016,1482,1504.5,1448.5,1489.5,466376,420130
10/19/2016,1492.5,1574.5,1489.5,1528,680498,440176
10/20/2016,1526.5,1570,1513.5,1540,531716,434770
10/21/2016,1535,1558.5,1500,1557.5,513496,454546
10/24/2016,1558.5,1590,1537,1584,505726,460406
10/25/2016,1587.5,1667.5,1573,1667,529884,448670
10/26/2016,1671.5,1746,1652.5,1686.5,699066,422856
10/27/2016,1687.5,1704.5,1620.5,1659,668866,456088
10/28/2016,1664.5,1742,1648.5,1741,525964,464272
10/31/2016,1743.5,1796.5,1697.5,1796.5,655720,494336
11/01/2016,1784.5,1788,1727,1763.5,587876,483136
11/02/2016,1765.5,1823,1754,1759.5,565988,486332
11/03/2016,1759.5,1795.5,1743.5,1791,449800,474802
11/04/2016,1801.5,1895.5,1800,1885.5,668980,467094
11/07/2016,1887,1974.5,1878.5,1972.5,528002,417844
11/08/2016,1992.5,2037,1877,1932.5,754896,424188
11/09/2016,1930.5,2139.5,1918,2117,628000,396754
11/10/2016,2097.5,2164.5,2012.5,2061,623328,376396
11/11/2016,2061.5,2116,2038.5,2102.5,360470,319432
11/14/2016,2112,2234.5,2031.5,2135,516270,314254
11/15/2016,2131,2157.5,1924.5,1933,426614,288206
11/16/2016,1960.5,2017.5,1905.5,2002,395228,305516
11/17/2016,2008,2042,1945,1993.5,306272,303970
11/18/2016,2006,2016,1905.5,1947,338250,322438
11/21/2016,1959,1970.5,1884,1940.5,367146,311234
11/22/2016,1948,2090,1946,2081,400794,298402
11/23/2016,2084.5,2089,2015.5,2053,262624,277920
11/24/2016,2023.5,2103.5,1968.5,2038.5,350666,267676
11/25/2016,2025,2091,2020.5,2079.5,227352,241782
11/28/2016,2049,2174,2049,2135,282846,230112
11/29/2016,2116.5,2132,1966.5,1969,263340,209268
11/30/2016,1994,1994,1906.5,1945.5,275424,221790
12/01/2016,1953.5,1997,1925.5,1927,269388,218648
12/02/2016,1929.5,1934,1827,1863.5,269920,212868
12/05/2016,1867.5,1920.5,1834.5,1889,194908,191294
12/06/2016,1894.5,1912,1854.5,1874.5,144664,181310
12/07/2016,1879,1976,1863.5,1955,200456,183602
12/08/2016,1954.5,1970,1901.5,1922,134736,164648
12/09/2016,1926,1938,1838,1863,177524,174432
12/12/2016,1847.5,1942,1831.5,1832.5,195388,174018
12/13/2016,1833,1861,1808.5,1855,127542,173308
12/14/2016,1858.5,1877.5,1798.5,1844.5,146280,179594
12/15/2016,1841.5,1902,1819.5,1876,155462,170406
12/16/2016,1861.5,1877,1847.5,1848,88830,155352
12/19/2016,1833.5,1879,1815.5,1839.5,129962,164320
12/20/2016,1829,1867.5,1818.5,1856.5,121360,155634
12/21/2016,1857,1867.5,1826,1846,94076,151250
12/22/2016,1846,1846.5,1731.5,1733,146746,174628
12/23/2016,1725.5,1755.5,1705.5,1718,139054,170148
12/26/2016,1717,1736,1589.5,1624.5,172216,179200
12/27/2016,1624.5,1630.5,1568,1612.5,140536,166578
12/28/2016,1615.5,1692.5,1596.5,1602,169038,169470
12/29/2016,1603,1617,1571.5,1586.5,125372,163936
12/30/2016,1585,1601.5,1537.5,1538.5,117166,153950
01/03/2017,1537,1604.5,1491.5,1495.5,100322,159194
01/04/2017,1502,1518,1458,1505.5,133490,162812
01/05/2017,1505,1535,1496.5,1515.5,91150,149196
01/06/2017,1510,1573,1496,1538,125714,150904
01/09/2017,1547,1594.5,1519,1594,106874,140408
01/10/2017,1601.5,1680.5,1576.5,1680,154296,151156
01/11/2017,1686,1692.5,1643.5,1658.5,111594,141826
01/12/2017,1650,1705,1640.5,1682,118546,150154
01/13/2017,1691.5,1715.5,1676.5,1690.5,96974,138040
01/16/2017,1690,1842,1683,1816.5,153274,150530
01/17/2017,1806,1814,1616,1646.5,176528,137064
01/18/2017,1650.5,1702,1626.5,1659.5,119118,128200
01/19/2017,1656,1695,1619.5,1662.5,121458,129122
01/20/2017,1660.5,1681.5,1596,1596.5,97106,118102
01/23/2017,1595.5,1606.5,1552,1577.5,100632,121002
01/24/2017,1557.5,1681.5,1557.5,1635,117576,120762
01/25/2017,1650.5,1651,1591,1610.5,90776,116274
01/26/2017,1597.5,1685.5,1597.5,1685,95964,109602
02/03/2017,1666,1679.5,1559.5,1568.5,91122,114270
02/06/2017,1556,1585.5,1518,1518,95500,124550
02/07/2017,1516,1572.5,1512.5,1552,80788,121426
02/08/2017,1545.5,1581,1536,1557,90112,131840
02/09/2017,1557.5,1576.5,1517.5,1521.5,99376,143920
02/10/2017,1519,1622,1505,1576.5,184912,155914
02/13/2017,1577.5,1666.5,1574,1653,149712,150762
02/14/2017,1660,1693,1642,1671.5,121204,150272
02/15/2017,1674,1679,1617.5,1647.5,126046,145826
02/16/2017,1647.5,1736.5,1635,1644.5,181890,155636
02/17/2017,1644,1708.5,1637.5,1688.5,121046,148196
02/20/2017,1694,1756.5,1678.5,1752.5,134710,158014
02/21/2017,1749.5,1773,1722.5,1730.5,112216,154650
02/22/2017,1735,1742,1654.5,1662,125948,146278
02/23/2017,1657,1689.5,1647,1680.5,110620,135434
02/24/2017,1682,1713,1634.5,1708,131096,139992
02/27/2017,1713,1750.5,1691.5,1728,131836,140798
02/28/2017,1726,1737.5,1696,1705.5,91018,133670
03/01/2017,1709.5,1816,1704.5,1809,172514,171324
03/02/2017,1812,1812.5,1786.5,1801.5,87610,156662
03/03/2017,1803.5,1804.5,1747.5,1795,113378,148454
03/06/2017,1793,1827,1757.5,1776.5,118982,146980
03/07/2017,1776,1799.5,1763,1784,85194,141098
03/08/2017,1784,1790.5,1748.5,1769.5,99418,137058
03/09/2017,1767.5,1778,1721.5,1775.5,133088,133868
03/10/2017,1773,1800,1747.5,1749,117858,132780
03/13/2017,1748.5,1825.5,1724,1825.5,172648,155818
03/14/2017,1831.5,1840,1796.5,1834,110742,150044
03/15/2017,1837,1867,1808.5,1841,101938,153132
03/16/2017,1842,1855,1817,1854,80426,146684
03/17/2017,1861,1869.5,1815.5,1825.5,76196,143060
03/20/2017,1829,1885,1795.5,1863.5,103966,155092
03/21/2017,1872,1872,1826.5,1842,87286,147784
03/22/2017,1840,1855.5,1791,1791,104232,137856
03/23/2017,1800,1839.5,1789.5,1823,78876,133578
03/24/2017,1831.5,1846,1814.5,1830,74886,136452
03/27/2017,1832,1875,1750,1753,186606,146900
03/28/2017,1776,1791.5,1746,1758,105382,137908
03/29/2017,1770.5,1834.5,1770.5,1832,123934,145860
03/30/2017,1824,1858,1808,1822,131836,141954
03/31/2017,1829.5,1836.5,1786,1822,121220,147458
04/05/2017,1859.5,1936,1857,1922,138608,163804
04/06/2017,1925,1937,1909,1932.5,114438,169136
04/07/2017,1926.5,1927.5,1828.5,1850,206282,171950
04/10/2017,1853,1897,1826,1833.5,168792,176936
04/11/2017,1834,1834,1773,1779,183700,188462
04/12/2017,1777,1794.5,1680,1681.5,222502,196632
04/13/2017,1676.5,1712.5,1667,1682.5,196598,209004
04/14/2017,1687.5,1715,1633.5,1656.5,215696,231160
04/17/2017,1665,1712,1653,1687.5,233610,230090
04/18/2017,1689,1697,1636.5,1638.5,230792,231902
04/19/2017,1630.5,1634,1566,1582.5,285294,246258
04/20/2017,1589.5,1635,1553.5,1633,256352,240630
04/21/2017,1635,1698,1635,1674.5,264012,238844
04/24/2017,1673.5,1673.5,1585,1622,253476,235572
04/25/2017,1615,1640.5,1606,1622,178418,227602
04/26/2017,1613,1643,1577,1577.5,246568,235920
04/27/2017,1575,1607,1573.5,1606,185024,219284
04/28/2017,1606.5,1638.5,1595,1632,177214,205014
05/02/2017,1652.5,1661.5,1620,1630.5,104032,197618
05/03/2017,1631.5,1631.5,1561,1575,219566,230342
05/04/2017,1566.5,1576.5,1462.5,1492,308316,244874
05/05/2017,1494.5,1504,1454.5,1478.5,221032,222186
05/08/2017,1483.5,1520,1478.5,1498.5,225252,231856
05/09/2017,1495,1531,1483.5,1525,178174,222172
05/10/2017,1526,1573,1519,1568.5,232266,225276
05/11/2017,1569,1578,1490.5,1538,324140,235310
05/12/2017,1541,1548,1496,1503.5,243814,231346
05/15/2017,1506,1527.5,1463.5,1502,229622,230374
05/16/2017,1502.5,1509,1474,1506.5,181448,224890
05/17/2017,1505,1552,1495.5,1542.5,227836,226392
05/18/2017,1558.5,1558.5,1507,1522.5,183706,212352
05/19/2017,1503.5,1570,1497.5,1563,220752,216690
05/22/2017,1566,1605.5,1541,1546,239750,211974
05/23/2017,1550.5,1584,1534.5,1571.5,196426,204960
05/24/2017,1574,1577.5,1504.5,1518.5,208388,206894
05/25/2017,1517.5,1553,1515.5,1530,166272,192864
05/26/2017,1516,1550.5,1516,1534,157770,187362
05/31/2017,1535.5,1536,1419.5,1419.5,190030,212298
06/01/2017,1418,1442.5,1408,1422.5,162774,215716
06/02/2017,1425.5,1432.5,1370.5,1383.5,220040,239746
06/05/2017,1375.5,1415.5,1372.5,1398.5,183140,224390
06/06/2017,1397,1418,1365.5,1406.5,194004,231860
06/07/2017,1395,1429.5,1395,1409,137314,217496
06/08/2017,1402.5,1426,1396.5,1413.5,141944,223308
06/09/2017,1416.5,1430,1403.5,1409,129798,218960
06/12/2017,1402.5,1454,1402.5,1444.5,165192,227494
06/13/2017,1442,1454,1426.5,1428,132892,217940
06/14/2017,1431.5,1510.5,1404,1509.5,307950,252936
06/15/2017,1501,1517,1478.5,1503.5,246190,228180
06/16/2017,1500.5,1543,1490,1531.5,222084,246516
06/19/2017,1531,1610.5,1524,1584.5,289490,271438
06/20/2017,1590,1609.5,1574.5,1581,227874,268850
06/21/2017,1577.5,1606,1570,1599.5,251740,295476
06/22/2017,1605,1648,1605,1616.5,275394,298400
06/23/2017,1614.5,1638.5,1601.5,1629,234246,288038
06/26/2017,1634.5,1637.5,1611.5,1627.5,188866,290416
06/27/2017,1631,1670,1619.5,1669.5,232548,295460
06/28/2017,1670,1690.5,1657.5,1681.5,207146,283128
06/29/2017,1678,1776,1678,1741,341930,303068
06/30/2017,1740.5,1747,1711,1740.5,196644,276140
07/03/2017,1738.5,1784.5,1731,1784,211084,290478
07/04/2017,1778,1797.5,1734.5,1748,253818,292484
07/05/2017,1752,1777.5,1745,1759.5,216630,284632
07/06/2017,1758,1772.5,1736.5,1769,214698,295952
07/07/2017,1767,1790.5,1753.5,1783,180344,297032
07/10/2017,1793.5,1823,1780.5,1817,253918,318804
07/11/2017,1817,1869,1809,1859.5,208336,309868
07/12/2017,1851,1865.5,1822.5,1835,202940,307488
07/13/2017,1839.5,1866.5,1824.5,1853,204246,303386
07/14/2017,1852.5,1853,1802.5,1820,240286,301204
07/17/2017,1822,1885,1820,1881.5,220484,301610
07/18/2017,1882.5,1891,1859,1872,173964,294056
07/19/2017,1873.5,1920,1866.5,1913.5,215900,299496
07/20/2017,1912,1913.5,1877,1882,200960,289752
07/21/2017,1881.5,1916,1855,1910.5,292192,330742
07/24/2017,1910,1931.5,1842,1869,344232,307956
07/25/2017,1874,1910,1854.5,1907,261874,319672
07/26/2017,1909.5,1935,1900,1908,267062,315258
07/27/2017,1904.5,1931.5,1890,1928.5,203378,315314
07/28/2017,1928,1942,1912.5,1935,235428,338472
07/31/2017,1937.5,2037,1934,2027,374510,325378
08/01/2017,2029,2035,2006.5,2020,201008,293598
08/02/2017,2012.5,2072,2002.5,2065,317024,345364
08/03/2017,2064,2074.5,2023.5,2028.5,386188,320646
08/04/2017,2025,2030.5,1995,2019,348568,288326
08/07/2017,2014,2112,1994,2046,523522,303028
08/08/2017,2045.5,2089.5,2042,2072.5,302700,285630
08/09/2017,2074,2135,2069.5,2132.5,303042,289488
08/10/2017,2130,2156,2109.5,2149.5,265912,274256
08/11/2017,2145,2210.5,2121,2163,496798,314400
08/14/2017,2147.5,2177,2099.5,2110.5,434764,283272
08/15/2017,2106,2131,2062,2120,452442,304004
08/16/2017,2121,2134,2100.5,2117.5,332216,290948
08/17/2017,2128,2262,2128,2243.5,519260,328160
08/18/2017,2236.5,2260.5,2218,2257,280306,297032
08/21/2017,2235,2330,2177.5,2305,554758,320274
08/22/2017,2307.5,2351,2292.5,2348,347080,316474
08/23/2017,2350.5,2368.5,2267.5,2343,615286,346044
08/24/2017,2342.5,2412.5,2326.5,2390,435504,350824
08/25/2017,2395,2478.5,2389,2466.5,425528,346126
08/28/2017,2452,2474.5,2404.5,2468,463662,346160
08/29/2017,2467,2493,2357,2379,542078,328942
08/30/2017,2393.5,2394,2327,2378,432916,308424
08/31/2017,2377.5,2377.5,2293,2336.5,509594,295078
09/01/2017,2332.5,2389,2318.5,2332.5,466100,283524
09/04/2017,2330.5,2390,2275.5,2276,546114,291020
09/05/2017,2281.5,2324,2252,2297.5,431806,275716
09/06/2017,2305.5,2361.5,2274.5,2331,526248,302056
09/07/2017,2334.5,2379,2312.5,2364.5,454280,302924
09/08/2017,2370.5,2448,2354,2391.5,571506,337914
09/11/2017,2397.5,2411,2294.5,2402.5,627966,337428
09/12/2017,2409,2457,2406,2455.5,436648,343316
09/13/2017,2455.5,2459,2399.5,2415.5,361336,339226
09/14/2017,2417,2424.5,2339,2362.5,501778,337976
09/15/2017,2366.5,2367,2258.5,2267,474906,326610
09/18/2017,2258.5,2268,2147.5,2174.5,624194,317184
09/19/2017,2177.5,2215,2163,2166,353848,292154
09/20/2017,2163.5,2200,2101.5,2187,556864,311894
09/21/2017,2190,2205,2076.5,2077,543688,315204
09/22/2017,2075.5,2085.5,2018.5,2023,415852,305252
09/25/2017,2031,2050.5,1946,2001.5,617662,318638
09/26/2017,2009,2039,1973.5,1986,447238,305360
09/27/2017,1972,2017.5,1964,1975,461692,313934
09/28/2017,1971.5,1987.5,1850,1866.5,619678,316030
09/29/2017,1865.5,1948.5,1832,1935.5,508310,272856
10/09/2017,1935,1975.5,1842,1875,347724,282874
10/10/2017,1872.5,1874,1794.5,1797.5,454988,306616
10/11/2017,1793.5,1845,1775.5,1782.5,488374,315394
10/12/2017,1781.5,1837.5,1758,1813,585666,325654
10/13/2017,1802.5,1890.5,1796,1881.5,587114,311034
10/16/2017,1879.5,1974,1855.5,1891.5,768302,311396
10/17/2017,1887.5,1889,1797.5,1813.5,756688,317426
10/18/2017,1803,1832,1774,1774.5,541636,320252
10/19/2017,1772,1776.5,1684,1687.5,649752,346266
10/20/2017,1687.5,1774.5,1682,1762,601672,334822
10/23/2017,1764.5,1778,1670.5,1696,738752,355700
10/24/2017,1687.5,1735,1674,1688.5,585504,350976
10/25/2017,1692,1735.5,1679,1725,580372,362406
10/26/2017,1727,1752.5,1716,1739.5,472568,349030
10/27/2017,1741.5,1769,1712,1733,540640,352108
10/30/2017,1732,1754.5,1686,1689.5,512156,357706
10/31/2017,1686,1705.5,1666.5,1683.5,447496,360138
11/01/2017,1682.5,1735.5,1682,1700,444386,358030
11/02/2017,1694.5,1773,1694,1763.5,523238,382200
11/03/2017,1763.5,1765,1732,1746,406118,354202
11/06/2017,1743.5,1813.5,1737.5,1809,495316,381660
11/07/2017,1816.5,1863,1816.5,1852,516760,358416
11/08/2017,1844.5,1894,1833.5,1887,469182,364124
11/09/2017,1896.5,1967.5,1848.5,1865,868214,391042
11/10/2017,1843,1876.5,1810,1850,682188,365392
11/13/2017,1849,1857.5,1789,1811.5,668670,387402
11/14/2017,1818.5,1876.5,1818.5,1870.5,572788,358716
11/15/2017,1868.5,1894,1776.5,1815.5,821024,367600
11/16/2017,1827.5,1845.5,1812,1830.5,515754,329078
11/17/2017,1830,1871,1826,1852.5,540072,354484
11/20/2017,1852.5,1927,1836,1923,564908,362656
11/21/2017,1921,1959.5,1909,1948,609362,368316
11/22/2017,1946.5,2025.5,1944.5,2025.5,616628,375484
11/23/2017,2022.5,2058,1990.5,2007.5,659670,388756
11/24/2017,2000.5,2067.5,1999.5,2061,648288,407616
11/27/2017,2067,2082,2038.5,2047.5,531230,394576
11/28/2017,2056.5,2067,1999,2050,643410,389180
11/29/2017,2042.5,2055.5,2017,2042.5,508854,369314
11/30/2017,2045,2136,2030.5,2120,665210,411860
12/01/2017,2123,2167.5,2115,2167,444648,394538
12/04/2017,2165,2232,2150,2168,649924,399902
12/05/2017,2170.5,2224.5,2150.5,2157.5,625394,382048
12/06/2017,2162,2185,2134,2169.5,539894,390432
12/07/2017,2173,2178.5,1995,2001,810758,369700
12/08/2017,1995.5,2082,1953.5,2070.5,890066,351774
12/11/2017,2067,2153,2056,2114.5,817000,365058
12/12/2017,2118,2150.5,2094.5,2120,662854,346886
12/13/2017,2116.5,2134.5,2066.5,2084,675032,345392
12/14/2017,2084.5,2094,2008.5,2019.5,624642,341300
12/15/2017,2021,2087,2011.5,2086,509320,326628
12/18/2017,2093,2201,2091,2178,873780,368070
12/19/2017,2177.5,2185,2111.5,2138.5,577478,326550
12/20/2017,2136.5,2144.5,2086.5,2102,502466,326656
12/21/2017,2109.5,2167.5,2072,2091.5,673174,323748
12/22/2017,2096,2142.5,2083.5,2133.5,513014,304852
12/25/2017,2147,2160.5,2026,2028.5,653532,326634
12/26/2017,2028.5,2058,2017,2046.5,444466,283550
12/27/2017,2043.5,2057.5,1984.5,1988.5,548738,321206
12/28/2017,1993,2017.5,1983,2001,373852,276226
12/29/2017,1998,2034.5,1961.5,1985.5,603262,314304
01/02/2018,1970,2037.5,1970,2018,328310,266120
01/03/2018,2025.5,2055.5,2011.5,2017.5,419934,289240
01/04/2018,2017,2100.5,2002.5,2090,631216,337352
01/05/2018,2089.5,2095.5,2039.5,2061.5,462644,301408
01/08/2018,2053,2089,2040.5,2089,396444,298072
01/09/2018,2090,2094,2061.5,2071.5,281904,273380
01/10/2018,2070,2071.5,2011.5,2025,447112,299434
01/11/2018,2030.5,2039,2009,2030,330438,275780
01/12/2018,2030.5,2032.5,2002,2010.5,299692,275954
01/15/2018,2008.5,2020,1965,1983.5,320944,282608
01/16/2018,1983,1996.5,1946,1958.5,347370,294642
01/17/2018,1962.5,1966.5,1929,1957.5,368612,300384
01/18/2018,1955.5,1977.5,1953,1965,250558,275612
01/19/2018,1967.5,1994.5,1941.5,1985.5,343828,290676
01/22/2018,1988.5,2035,1983,1995,404306,274002
01/23/2018,1996.5,2008,1964,1991.5,325178,264032
01/24/2018,1991,2007,1973.5,1999,248018,255622
01/25/2018,1998,2075.5,1995.5,2061.5,402078,302394
01/26/2018,2057,2064,2028.5,2039,281926,270182
01/29/2018,2043,2061.5,2019,2031,286030,272622
01/30/2018,2029,2044.5,1999,2010.5,273456,263476
01/31/2018,2016,2022,1979.5,2004.5,303322,263892
02/01/2018,2007,2029.5,1989.5,1997,291586,250734
02/02/2018,2007.5,2047.5,2001,2042.5,333366,273682
02/05/2018,2042.5,2121,2038,2120.5,443916,295860
02/06/2018,2121,2137,2092.5,2117,411920,320812
02/07/2018,2116.5,2164.5,2097,2152.5,366942,328390
02/08/2018,2156.5,2157,2130.5,2144.5,286838,322644
02/09/2018,2147.5,2163.5,2083,2103,398582,299520
02/12/2018,2108,2126.5,2077.5,2107,271674,267002
02/13/2018,2107,2118.5,2091.5,2107.5,154198,245678
02/14/2018,2108.5,2146.5,2105,2137,164912,236744
02/22/2018,2147,2182.5,2119.5,2171.5,198274,267664
02/23/2018,2167,2218.5,2156,2216.5,298450,309600
02/26/2018,2216,2283.5,2207.5,2274,322058,337738
02/27/2018,2270,2279,2252,2268,243614,331064
02/28/2018,2263.5,2265.5,2221.5,2234,296840,317892
03/01/2018,2240,2261,2224,2252.5,278954,328852
03/02/2018,2247.5,2247.5,2206.5,2236,313294,326060
03/05/2018,2236.5,2245,2161,2169.5,383256,322210
03/06/2018,2163.5,2199.5,2147,2186.5,328482,302156
03/07/2018,2189.5,2202,2136.5,2145.5,352552,299844
03/08/2018,2137.5,2152.5,2095.5,2106.5,379138,292850
03/09/2018,2100,2119,2023,2030,475878,296130
03/12/2018,2044,2070,1993,1997.5,490042,290630
03/13/2018,1994.5,2012,1981,1984.5,370440,287678
03/14/2018,1986,2023,1953,2010.5,516818,323266
03/15/2018,2006.5,2015,1963,1986.5,456518,292522
03/16/2018,1984,2000.5,1964,1983,364938,298978
03/19/2018,1983.5,1987,1914.5,1931.5,556926,340748
03/20/2018,1938.5,1956,1886,1923.5,453556,322132
03/21/2018,1923,1963,1920,1937.5,419608,327852
03/22/2018,1931,1962,1927,1945.5,405018,317714
03/23/2018,1945,1948.5,1802.5,1840,730804,357920
03/26/2018,1834,1862,1807.5,1816,425374,322126
03/27/2018,1823.5,1853.5,1814.5,1820.5,410396,337530
03/28/2018,1823.5,1827.5,1751,1756.5,590632,379586
03/29/2018,1757,1775,1726,1767,541114,371380
03/30/2018,1763.5,1821.5,1751.5,1817.5,567100,365352
04/02/2018,1813.5,1908.5,1813.5,1829.5,755454,358330
04/03/2018,1840,1874,1824,1840,541680,323412
04/04/2018,1841,1881,1829,1849.5,539948,329504
04/09/2018,1834,1863.5,1789.5,1824.5,441994,311036
04/10/2018,1827,1851,1813,1820.5,465960,316830
04/11/2018,1820,1843.5,1757.5,1762.5,617280,357922
04/12/2018,1760,1766.5,1728,1741.5,537170,353080
04/13/2018,1743.5,1776,1726.5,1763,498330,337536
04/16/2018,1763.5,1789,1749,1751,560768,331746
04/17/2018,1756,1800,1737,1788,526448,325106
04/18/2018,1796,1859,1796,1847.5,611314,323608
04/19/2018,1860,1890,1844.5,1887,544584,303734
04/20/2018,1881,1881,1832.5,1836,449552,286080
04/23/2018,1840,1933.5,1823.5,1926,610602,334302
04/24/2018,1914.5,1950.5,1908,1933,506740,311462
04/25/2018,1936.5,1938.5,1901,1927,465432,314216
04/26/2018,1926,1937,1892,1912.5,462418,292702
04/27/2018,1911.5,1926,1879.5,1892,481942,286380
05/02/2018,1930.5,1991.5,1921.5,1985.5,421650,289256
05/03/2018,1985.5,2005,1968,1981,390500,275422
05/04/2018,1982,1997.5,1963,1990,370872,275032
05/07/2018,1987,2034,1965,2023,503748,316332
05/08/2018,2027.5,2039,2012.5,2019,324286,279094
05/09/2018,2022,2022,1970.5,1982.5,424616,295570
05/10/2018,1981,2011,1975,1996,362398,289528
05/11/2018,2002,2074.5,2000,2063.5,495286,345634
05/14/2018,2067.5,2092.5,2057.5,2082,386976,334424
05/15/2018,2080.5,2128.5,2060.5,2100,551870,350538
05/16/2018,2097,2149.5,2080,2118,513110,359760
05/17/2018,2117.5,2122.5,2081,2105.5,414478,347182
05/18/2018,2115.5,2130,2070.5,2086.5,495576,353304
05/21/2018,2084,2104.5,2036,2058,544146,342354
05/22/2018,2066,2073,2016.5,2020,462122,321180
05/23/2018,2023,2024.5,1948.5,1958.5,548462,321390
05/24/2018,1958,1995,1954.5,1990,383404,296374
05/25/2018,1993,2030.5,1967.5,1976.5,473492,311198
05/28/2018,1975,2020.5,1940.5,1993.5,533846,300764
05/29/2018,1992.5,2068,1982,2057.5,544772,329264
05/30/2018,2058,2074,2021.5,2046,484310,315826
05/31/2018,2046,2094,2033,2081.5,416772,311694
06/01/2018,2081.5,2116,2068,2078,453698,316652
06/04/2018,2077.5,2100.5,2021.5,2022.5,514134,315636
06/05/2018,2017.5,2044.5,1987,2042,478124,296156
06/06/2018,2041.5,2050.5,2006.5,2023,500014,308840
06/07/2018,2019,2090,2015.5,2075,576724,311556
06/08/2018,2078,2092,2056.5,2072,448968,288290
06/11/2018,2067.5,2086,2031.5,2069,449066,301252
06/12/2018,2068,2139,2057.5,2137,494302,313008
06/13/2018,2142,2150.5,2116,2123.5,381686,299572
06/14/2018,2127.5,2189.5,2121.5,2183,478006,333318
06/15/2018,2181,2200,2141.5,2192,512468,319884
06/19/2018,2159.5,2185,2063.5,2080,515184,302848
06/20/2018,2079.5,2122,2072,2118.5,384612,296538
06/21/2018,2114.5,2163.5,2112.5,2125,488342,330780
06/22/2018,2127.5,2142.5,2086.5,2103.5,590710,337292
06/25/2018,2108.5,2130.5,2069,2074.5,525296,322964
06/26/2018,2072.5,2073,2012.5,2018.5,493222,322936
06/27/2018,2024,2050.5,2003,2015.5,415916,310526
