01/03/2012,6.31,6.3123,6.31,6.3104,0,0
01/04/2012,6.3113,6.3115,6.3058,6.3115,0,0
01/05/2012,6.3144,6.3144,6.3088,6.3117,0,0
01/06/2012,6.3027,6.3043,6.3027,6.3043,0,0
01/09/2012,6.3079,6.3084,6.2993,6.2993,0,0
01/10/2012,6.3063,6.3095,6.3063,6.3095,0,0
01/11/2012,6.3098,6.3098,6.3024,6.3024,0,0
01/12/2012,6.3049,6.3088,6.3049,6.3062,0,0
01/13/2012,6.3008,6.3008,6.2991,6.3002,0,0
01/16/2012,6.3046,6.305,6.2991,6.3046,0,0
01/17/2012,6.2918,6.2918,6.2896,6.2896,0,0
01/18/2012,6.2902,6.292,6.288,6.29,0,0
01/19/2012,6.2901,6.2919,6.2901,6.2919,0,0
01/20/2012,6.2992,6.3034,6.2992,6.3003,0,0
01/23/2012,6.2962,6.3009,6.2962,6.2964,0,0
01/24/2012,6.301,6.301,6.2986,6.2991,0,0
01/25/2012,6.2985,6.2985,6.2952,6.2952,0,0
01/26/2012,6.296,6.296,6.294,6.2945,0,0
01/27/2012,6.294,6.2966,6.291,6.295,0,0
01/30/2012,6.296,6.297,6.2935,6.2965,0,0
01/31/2012,6.2965,6.2965,6.2943,6.2963,0,0
02/01/2012,6.2865,6.2907,6.2865,6.2885,0,0
02/02/2012,6.2883,6.2918,6.2883,6.2918,0,0
02/03/2012,6.2886,6.2886,6.2874,6.2874,0,0
02/06/2012,6.2945,6.2948,6.2938,6.2938,0,0
02/07/2012,6.2877,6.2887,6.2877,6.2887,0,0
02/08/2012,6.288,6.289,6.287,6.2875,0,0
02/09/2012,6.2891,6.2891,6.2861,6.2879,0,0
02/10/2012,6.2912,6.2917,6.2903,6.2917,0,0
02/13/2012,6.2911,6.2952,6.2911,6.2952,0,0
02/14/2012,6.2958,6.2962,6.2943,6.2943,0,0
02/15/2012,6.2883,6.2915,6.2883,6.2915,0,0
02/16/2012,6.2931,6.2991,6.2931,6.2961,0,0
02/17/2012,6.2901,6.2918,6.2901,6.2902,0,0
02/20/2012,6.291,6.294,6.2894,6.294,0,0
02/21/2012,6.294,6.2941,6.2917,6.2917,0,0
02/22/2012,6.2935,6.2935,6.2925,6.2928,0,0
02/23/2012,6.2932,6.2932,6.2915,6.2928,0,0
02/24/2012,6.2918,6.2919,6.291,6.291,0,0
02/27/2012,6.292,6.2925,6.29,6.291,0,0
02/28/2012,6.291,6.2915,6.2879,6.2879,0,0
02/29/2012,6.2904,6.293,6.2904,6.293,0,0
03/01/2012,6.2897,6.2911,6.2897,6.2898,0,0
03/02/2012,6.2907,6.2914,6.2907,6.2912,0,0
03/05/2012,6.2975,6.2984,6.2975,6.2977,0,0
03/06/2012,6.3091,6.3091,6.3062,6.3079,0,0
03/07/2012,6.3026,6.3049,6.3026,6.3049,0,0
03/08/2012,6.3012,6.3012,6.3003,6.3003,0,0
03/09/2012,6.3034,6.3047,6.3003,6.3047,0,0
03/12/2012,6.3132,6.3132,6.3104,6.3125,0,0
03/13/2012,6.3304,6.3332,6.3226,6.3332,0,0
03/14/2012,6.3328,6.3343,6.3248,6.3343,0,0
03/15/2012,6.3225,6.3273,6.3225,6.3273,0,0
03/16/2012,6.3165,6.3217,6.3154,6.3154,0,0
03/19/2012,6.311,6.3159,6.311,6.3141,0,0
03/20/2012,6.314,6.316,6.311,6.313,0,0
03/21/2012,6.315,6.315,6.311,6.311,0,0
03/22/2012,6.3104,6.3115,6.3104,6.3111,0,0
03/23/2012,6.31,6.313,6.3095,6.3095,0,0
03/26/2012,6.3093,6.315,6.3092,6.3092,0,0
03/27/2012,6.3074,6.3077,6.307,6.307,0,0
03/28/2012,6.3138,6.3138,6.3091,6.3115,0,0
03/29/2012,6.3093,6.3115,6.3093,6.3104,0,0
03/30/2012,6.3068,6.3073,6.3057,6.3057,0,0
04/02/2012,6.3061,6.3061,6.305,6.305,0,0
04/03/2012,6.3038,6.3041,6.302,6.3041,0,0
04/04/2012,6.3088,6.3122,6.3072,6.3122,0,0
04/05/2012,6.3109,6.312,6.3078,6.3078,0,0
04/06/2012,6.3065,6.3075,6.3065,6.3066,0,0
04/09/2012,6.3076,6.3076,6.3071,6.3071,0,0
04/10/2012,6.3068,6.3068,6.3058,6.3065,0,0
04/11/2012,6.3062,6.3062,6.305,6.305,0,0
04/12/2012,6.2961,6.299,6.2961,6.2964,0,0
04/13/2012,6.2945,6.2956,6.2945,6.2956,0,0
04/16/2012,6.2979,6.3029,6.2962,6.2962,0,0
04/17/2012,6.2954,6.2954,6.2947,6.2948,0,0
04/18/2012,6.296,6.296,6.2954,6.2954,0,0
04/19/2012,6.3024,6.3026,6.3019,6.3026,0,0
04/20/2012,6.2971,6.301,6.2971,6.3004,0,0
04/23/2012,6.3007,6.303,6.3001,6.3001,0,0
04/24/2012,6.3018,6.3029,6.3013,6.3013,0,0
04/25/2012,6.3,6.3012,6.3,6.3012,0,0
04/26/2012,6.3005,6.3005,6.2988,6.3002,0,0
04/27/2012,6.2972,6.3008,6.2968,6.2968,0,0
04/30/2012,6.2962,6.2962,6.2958,6.296,0,0
05/01/2012,6.2958,6.2959,6.2955,6.2959,0,0
05/02/2012,6.3007,6.3017,6.3002,6.3017,0,0
05/03/2012,6.2993,6.3005,6.2966,6.2966,0,0
05/04/2012,6.3026,6.3026,6.3004,6.3016,0,0
05/07/2012,6.3033,6.3055,6.3032,6.3055,0,0
05/08/2012,6.3035,6.3098,6.3035,6.3098,0,0
05/09/2012,6.3088,6.3093,6.308,6.3093,0,0
05/10/2012,6.3074,6.3093,6.3058,6.3058,0,0
05/11/2012,6.3095,6.3095,6.3092,6.3094,0,0
05/14/2012,6.3157,6.3174,6.3155,6.3174,0,0
05/15/2012,6.316,6.3176,6.314,6.3176,0,0
05/16/2012,6.3173,6.3205,6.3173,6.3174,0,0
05/17/2012,6.3194,6.3205,6.3162,6.3162,0,0
05/18/2012,6.3184,6.3211,6.3184,6.3186,0,0
05/21/2012,6.3217,6.3219,6.321,6.3219,0,0
05/22/2012,6.32,6.32,6.3184,6.319,0,0
05/23/2012,6.3305,6.3305,6.3277,6.3278,0,0
05/24/2012,6.3318,6.3366,6.3318,6.3366,0,0
05/25/2012,6.3411,6.342,6.3402,6.342,0,0
05/28/2012,6.338,6.338,6.3369,6.3375,0,0
05/29/2012,6.3438,6.3438,6.3387,6.3387,0,0
05/30/2012,6.3544,6.3571,6.3495,6.3571,0,0
05/31/2012,6.3674,6.3674,6.3607,6.3656,0,0
06/01/2012,6.364,6.3687,6.3631,6.3631,0,0
06/04/2012,6.3613,6.3631,6.359,6.359,0,0
06/05/2012,6.3613,6.3625,6.359,6.3613,0,0
06/06/2012,6.355,6.3585,6.3542,6.3542,0,0
06/07/2012,6.3546,6.3556,6.3544,6.3544,0,0
06/08/2012,6.3669,6.3675,6.3544,6.3675,0,0
06/11/2012,6.3658,6.3679,6.3644,6.3679,0,0
06/12/2012,6.3698,6.3698,6.3658,6.3677,0,0
06/13/2012,6.3624,6.3658,6.3624,6.3658,0,0
06/14/2012,6.3641,6.365,6.3632,6.3632,0,0
06/15/2012,6.37,6.37,6.3628,6.366,0,0
06/18/2012,6.3608,6.3614,6.3603,6.3614,0,0
06/19/2012,6.3548,6.3569,6.3532,6.3532,0,0
06/20/2012,6.3544,6.3551,6.3544,6.3548,0,0
06/21/2012,6.3712,6.3729,6.3495,6.3718,0,0
06/22/2012,6.364,6.368,6.364,6.3651,0,0
06/25/2012,6.3688,6.3688,6.3655,6.3655,0,0
06/26/2012,6.3712,6.3729,6.3495,6.3644,0,0
06/27/2012,6.3644,6.367,6.3495,6.3618,0,0
06/28/2012,6.3618,6.3635,6.3495,6.3615,0,0
06/29/2012,6.3615,6.363,6.352,6.352,0,0
07/02/2012,6.3545,6.3545,6.3495,6.3503,0,0
07/03/2012,6.3502,6.3545,6.3498,6.3498,0,0
07/04/2012,6.3498,6.3501,6.3466,6.3466,0,0
07/05/2012,6.3466,6.3605,6.3466,6.3582,0,0
07/06/2012,6.3582,6.3712,6.357,6.3706,0,0
07/09/2012,6.3706,6.3758,6.3515,6.369,0,0
07/10/2012,6.369,6.3698,6.3635,6.3635,0,0
07/11/2012,6.3634,6.3676,6.3634,6.3668,0,0
07/12/2012,6.3668,6.374,6.3668,6.3727,0,0
07/13/2012,6.3726,6.3784,6.3703,6.3703,0,0
07/16/2012,6.3714,6.3794,6.3714,6.3746,0,0
07/17/2012,6.3745,6.3773,6.3724,6.3724,0,0
07/18/2012,6.3723,6.374,6.3701,6.3701,0,0
07/19/2012,6.37,6.372,6.3685,6.3685,0,0
07/20/2012,6.3685,6.3744,6.3685,6.3701,0,0
07/23/2012,6.3674,6.3865,6.3674,6.3846,0,0
07/24/2012,6.3847,6.3905,6.3847,6.387,0,0
07/25/2012,6.387,6.3935,6.3865,6.3878,0,0
07/26/2012,6.3876,6.3879,6.3736,6.3736,0,0
07/27/2012,6.3738,6.3855,6.3738,6.3819,0,0
07/30/2012,6.3819,6.3836,6.3819,6.3822,0,0
07/31/2012,6.38,6.3849,6.373,6.373,0,0
08/01/2012,6.373,6.385,6.373,6.3766,0,0
08/02/2012,6.3765,6.3893,6.376,6.383,0,0
08/03/2012,6.3831,6.3856,6.3761,6.3761,0,0
08/06/2012,6.3767,6.3781,6.3735,6.3735,0,0
08/07/2012,6.3736,6.377,6.3697,6.3703,0,0
08/08/2012,6.3702,6.375,6.3681,6.3688,0,0
08/09/2012,6.3687,6.373,6.364,6.3658,0,0
08/10/2012,6.3657,6.37,6.3638,6.3639,0,0
08/13/2012,6.3641,6.3667,6.3635,6.3637,0,0
08/14/2012,6.3637,6.3656,6.3625,6.3625,0,0
08/15/2012,6.3625,6.3716,6.3625,6.3687,0,0
08/16/2012,6.3687,6.3733,6.366,6.3684,0,0
08/17/2012,6.3685,6.3689,6.3625,6.3641,0,0
08/20/2012,6.3641,6.3662,6.3614,6.3614,0,0
08/21/2012,6.3614,6.3645,6.3541,6.3541,0,0
08/22/2012,6.351,6.3593,6.351,6.3555,0,0
08/23/2012,6.3555,6.3584,6.354,6.3546,0,0
08/24/2012,6.3545,6.3621,6.3545,6.359,0,0
08/27/2012,6.3544,6.3635,6.3544,6.3612,0,0
08/28/2012,6.3612,6.3642,6.3584,6.3584,0,0
08/29/2012,6.3587,6.3605,6.3555,6.3559,0,0
08/30/2012,6.356,6.3592,6.3544,6.3544,0,0
08/31/2012,6.3543,6.3557,6.3496,6.3496,0,0
09/03/2012,6.348,6.3548,6.3443,6.3443,0,0
09/04/2012,6.3442,6.3517,6.3433,6.3472,0,0
09/05/2012,6.3472,6.354,6.3458,6.3467,0,0
09/06/2012,6.3467,6.3493,6.3446,6.3446,0,0
09/07/2012,6.3446,6.3462,6.3389,6.3389,0,0
09/10/2012,6.3392,6.3438,6.3388,6.3419,0,0
09/11/2012,6.3419,6.345,6.3366,6.3366,0,0
09/12/2012,6.3365,6.3371,6.33,6.3312,0,0
09/13/2012,6.3312,6.3352,6.327,6.327,0,0
09/14/2012,6.327,6.331,6.3158,6.3195,0,0
09/17/2012,6.3188,6.3248,6.3188,6.3222,0,0
09/18/2012,6.3222,6.3315,6.3222,6.3308,0,0
09/19/2012,6.3308,6.3308,6.3129,6.3137,0,0
09/20/2012,6.3137,6.3203,6.3091,6.3157,0,0
09/21/2012,6.3157,6.316,6.3117,6.3117,0,0
09/24/2012,6.3142,6.3161,6.312,6.3148,0,0
09/25/2012,6.3148,6.3151,6.3109,6.3121,0,0
09/26/2012,6.3122,6.3132,6.3041,6.3041,0,0
09/27/2012,6.304,6.3164,6.304,6.3059,0,0
09/28/2012,6.306,6.3113,6.3,6.304,0,0
10/01/2012,6.294,6.3055,6.294,6.3017,0,0
10/02/2012,6.3017,6.3032,6.3,6.3001,0,0
10/03/2012,6.3,6.3069,6.3,6.301,0,0
10/04/2012,6.3011,6.306,6.3011,6.3015,0,0
10/05/2012,6.3014,6.3019,6.2917,6.2917,0,0
10/08/2012,6.2917,6.3011,6.2917,6.2928,0,0
10/09/2012,6.2925,6.2934,6.2892,6.2903,0,0
10/10/2012,6.2904,6.295,6.288,6.288,0,0
10/11/2012,6.2879,6.2906,6.2775,6.2796,0,0
10/12/2012,6.2795,6.2799,6.2705,6.2709,0,0
10/15/2012,6.2708,6.2742,6.2648,6.2648,0,0
10/16/2012,6.2648,6.2724,6.2594,6.2594,0,0
10/17/2012,6.2594,6.2605,6.2436,6.2436,0,0
10/18/2012,6.2437,6.2607,6.2437,6.2549,0,0
10/19/2012,6.2549,6.2597,6.2546,6.2549,0,0
10/22/2012,6.2549,6.2618,6.2501,6.2501,0,0
10/23/2012,6.2501,6.2546,6.2498,6.2515,0,0
10/24/2012,6.2522,6.2561,6.2424,6.2424,0,0
10/25/2012,6.2423,6.247,6.2339,6.2361,0,0
10/26/2012,6.2361,6.247,6.2309,6.2413,0,0
10/29/2012,6.2434,6.2476,6.236,6.244,0,0
10/30/2012,6.244,6.2483,6.2409,6.2409,0,0
10/31/2012,6.2409,6.246,6.2409,6.2431,0,0
11/01/2012,6.2431,6.2447,6.2405,6.2405,0,0
11/02/2012,6.2405,6.2451,6.2401,6.2402,0,0
11/05/2012,6.2402,6.2459,6.2402,6.2407,0,0
11/06/2012,6.2407,6.2412,6.2355,6.2365,0,0
11/07/2012,6.2366,6.2377,6.2345,6.2346,0,0
11/08/2012,6.2346,6.2382,6.2335,6.2335,0,0
11/09/2012,6.2334,6.2358,6.2278,6.2324,0,0
11/12/2012,6.2283,6.2332,6.2204,6.2204,0,0
11/13/2012,6.2204,6.2227,6.2166,6.2166,0,0
11/14/2012,6.2165,6.2183,6.2103,6.2103,0,0
11/15/2012,6.2102,6.2319,6.2102,6.2278,0,0
11/16/2012,6.2279,6.2441,6.2279,6.2396,0,0
11/19/2012,6.2372,6.2401,6.2292,6.2292,0,0
11/20/2012,6.2291,6.2339,6.229,6.2318,0,0
11/21/2012,6.2317,6.235,6.2312,6.2314,0,0
11/22/2012,6.2314,6.2317,6.2281,6.2281,0,0
11/23/2012,6.228,6.2298,6.2243,6.2243,0,0
11/26/2012,6.2243,6.2281,6.2243,6.2244,0,0
11/27/2012,6.2244,6.2259,6.2217,6.2231,0,0
11/28/2012,6.2231,6.2279,6.2211,6.2211,0,0
11/29/2012,6.2211,6.2245,6.2048,6.2048,0,0
11/30/2012,6.2052,6.2154,6.2047,6.2096,0,0
12/03/2012,6.2096,6.224,6.2058,6.2058,0,0
12/04/2012,6.206,6.2138,6.2054,6.2054,0,0
12/05/2012,6.2054,6.2158,6.2054,6.2088,0,0
12/06/2012,6.2087,6.2145,6.2084,6.21,0,0
12/07/2012,6.2099,6.212,6.2079,6.2079,0,0
12/10/2012,6.2076,6.2117,6.2046,6.2077,0,0
12/11/2012,6.2077,6.226,6.2077,6.2236,0,0
12/12/2012,6.2235,6.2275,6.22,6.222,0,0
12/13/2012,6.222,6.2278,6.2176,6.2185,0,0
12/14/2012,6.2185,6.226,6.2133,6.2133,0,0
12/17/2012,6.2156,6.224,6.2135,6.2138,0,0
12/18/2012,6.2138,6.224,6.2066,6.2066,0,0
12/19/2012,6.2065,6.2077,6.2038,6.2038,0,0
12/20/2012,6.2039,6.2144,6.2039,6.2105,0,0
12/21/2012,6.2105,6.2259,6.2105,6.2204,0,0
12/24/2012,6.2204,6.2286,6.2204,6.222,0,0
12/26/2012,6.2292,6.2308,6.2281,6.2281,0,0
12/27/2012,6.228,6.2325,6.2194,6.2194,0,0
12/28/2012,6.2195,6.2293,6.213,6.2239,0,0
12/31/2012,6.2239,6.2239,6.2205,6.2224,0,0
01/02/2013,6.221,6.2215,6.2032,6.2032,0,0
01/03/2013,6.2031,6.2135,6.2031,6.2118,0,0
01/04/2013,6.2118,6.224,6.2083,6.2083,0,0
01/07/2013,6.2083,6.2141,6.2075,6.2075,0,0
01/08/2013,6.2075,6.2095,6.2036,6.2036,0,0
01/09/2013,6.2036,6.225,6.198,6.198,0,0
01/10/2013,6.198,6.2037,6.1495,6.1844,0,0
01/11/2013,6.1844,6.1881,6.175,6.182,0,0
01/14/2013,6.1814,6.1873,6.1788,6.1808,0,0
01/15/2013,6.1808,6.1922,6.1808,6.19,0,0
01/16/2013,6.1899,6.1961,6.1852,6.1852,0,0
01/17/2013,6.1853,6.1902,6.1821,6.1821,0,0
01/18/2013,6.1822,6.1924,6.1822,6.1888,0,0
01/21/2013,6.1888,6.1953,6.1888,6.1932,0,0
01/22/2013,6.1932,6.1995,6.193,6.1942,0,0
01/23/2013,6.1942,6.2047,6.1942,6.1988,0,0
01/24/2013,6.1988,6.2067,6.1988,6.2032,0,0
01/25/2013,6.2031,6.226,6.2031,6.2215,0,0
01/28/2013,6.2184,6.2339,6.2184,6.2327,0,0
01/29/2013,6.2327,6.2332,6.2165,6.2165,0,0
01/30/2013,6.2165,6.233,6.2105,6.2105,0,0
01/31/2013,6.2104,6.2152,6.2085,6.2085,0,0
02/01/2013,6.2085,6.2172,6.2085,6.2085,0,0
02/04/2013,6.2085,6.2173,6.2085,6.2157,0,0
02/05/2013,6.2156,6.22,6.2113,6.2113,0,0
02/06/2013,6.2113,6.2175,6.2113,6.214,0,0
02/07/2013,6.214,6.2248,6.214,6.2224,0,0
02/08/2013,6.2224,6.2274,6.2175,6.2175,0,0
02/11/2013,6.221,6.2226,6.2195,6.2195,0,0
02/12/2013,6.2195,6.2246,6.2172,6.2172,0,0
02/13/2013,6.2172,6.2218,6.2172,6.2201,0,0
02/14/2013,6.2199,6.2208,6.2186,6.2186,0,0
02/15/2013,6.2183,6.2205,6.2178,6.2198,0,0
02/18/2013,6.2162,6.233,6.2162,6.2308,0,0
02/19/2013,6.2306,6.2414,6.2306,6.2363,0,0
02/20/2013,6.2362,6.2386,6.2334,6.2372,0,0
02/21/2013,6.2371,6.2431,6.2371,6.2408,0,0
02/22/2013,6.2405,6.2421,6.2333,6.2333,0,0
02/25/2013,6.2333,6.242,6.229,6.2306,0,0
02/26/2013,6.2306,6.2331,6.2256,6.2256,0,0
02/27/2013,6.2256,6.2273,6.2211,6.2211,0,0
02/28/2013,6.2203,6.2216,6.2179,6.2192,0,0
03/01/2013,6.2191,6.2213,6.2159,6.2195,0,0
03/04/2013,6.2189,6.2253,6.2189,6.2227,0,0
03/05/2013,6.2227,6.224,6.2145,6.2145,0,0
03/06/2013,6.2145,6.2152,6.2076,6.2076,0,0
03/07/2013,6.2075,6.2129,6.2004,6.2004,0,0
03/08/2013,6.2003,6.206,6.2003,6.2036,0,0
03/11/2013,6.2037,6.2087,6.2019,6.2019,0,0
03/12/2013,6.2005,6.2101,6.193,6.2058,0,0
03/13/2013,6.2055,6.2112,6.193,6.2108,0,0
03/14/2013,6.2108,6.2145,6.2065,6.2065,0,0
03/15/2013,6.2065,6.21,6.2003,6.2003,0,0
03/18/2013,6.2018,6.2102,6.2018,6.2055,0,0
03/19/2013,6.2052,6.2176,6.2052,6.211,0,0
03/20/2013,6.211,6.214,6.204,6.204,0,0
03/21/2013,6.204,6.207,6.2036,6.2036,0,0
03/22/2013,6.2036,6.2061,6.2011,6.2011,0,0
03/25/2013,6.2004,6.2043,6.2004,6.203,0,0
03/26/2013,6.2028,6.2053,6.2024,6.2024,0,0
03/27/2013,6.2019,6.2115,6.2019,6.209,0,0
03/28/2013,6.209,6.2113,6.2055,6.2055,0,0
03/29/2013,6.2048,6.206,6.2031,6.2031,0,0
04/01/2013,6.2042,6.2043,6.2,6.2,0,0
04/02/2013,6.2,6.2,6.1917,6.1917,0,0
04/03/2013,6.1917,6.1979,6.1917,6.1934,0,0
04/04/2013,6.193,6.2037,6.193,6.1979,0,0
04/05/2013,6.1978,6.2008,6.1966,6.1966,0,0
04/08/2013,6.1969,6.211,6.1962,6.1962,0,0
04/09/2013,6.1962,6.202,6.1882,6.1882,0,0
04/10/2013,6.1881,6.1899,6.1851,6.1851,0,0
04/11/2013,6.1848,6.1897,6.1829,6.1829,0,0
04/12/2013,6.1829,6.1885,6.1829,6.1839,0,0
04/15/2013,6.1839,6.1953,6.1839,6.1939,0,0
04/16/2013,6.1938,6.1944,6.1819,6.1819,0,0
04/17/2013,6.1819,6.1838,6.1763,6.1763,0,0
04/18/2013,6.1763,6.181,6.1725,6.175,0,0
04/19/2013,6.1745,6.1794,6.1742,6.1782,0,0
04/22/2013,6.1785,6.1812,6.1778,6.179,0,0
04/23/2013,6.1789,6.1802,6.1759,6.1774,0,0
04/24/2013,6.1773,6.1778,6.1698,6.1698,0,0
04/25/2013,6.1698,6.1712,6.1655,6.1655,0,0
04/26/2013,6.1654,6.167,6.163,6.1646,0,0
04/29/2013,6.1647,6.1659,6.1599,6.1599,0,0
04/30/2013,6.1596,6.165,6.1596,6.1608,0,0
05/01/2013,6.1606,6.1624,6.1604,6.1604,0,0
05/02/2013,6.1604,6.1604,6.156,6.1567,0,0
05/03/2013,6.1567,6.1602,6.1514,6.1514,0,0
05/06/2013,6.1522,6.1911,6.1522,6.1758,0,0
05/07/2013,6.1753,6.178,6.1547,6.1547,0,0
05/08/2013,6.1547,6.155,6.1357,6.1357,0,0
05/09/2013,6.1345,6.1424,6.1345,6.142,0,0
05/10/2013,6.1419,6.1554,6.1374,6.1499,0,0
05/13/2013,6.1481,6.1514,6.1407,6.1417,0,0
05/14/2013,6.1404,6.1425,6.139,6.1415,0,0
05/15/2013,6.1415,6.1466,6.1389,6.1432,0,0
05/16/2013,6.1431,6.1485,6.142,6.1433,0,0
05/17/2013,6.1432,6.1471,6.1409,6.143,0,0
05/20/2013,6.1431,6.1441,6.1322,6.1322,0,0
05/21/2013,6.1316,6.1371,6.1256,6.1307,0,0
05/22/2013,6.1307,6.1343,6.1242,6.1329,0,0
05/23/2013,6.1329,6.1398,6.1278,6.1278,0,0
05/24/2013,6.1278,6.128,6.1216,6.1216,0,0
05/27/2013,6.1207,6.1244,6.113,6.113,0,0
05/28/2013,6.1129,6.1208,6.1129,6.1192,0,0
05/29/2013,6.1192,6.1368,6.1192,6.1309,0,0
05/30/2013,6.1309,6.1362,6.1301,6.1332,0,0
05/31/2013,6.133,6.1544,6.1327,6.1471,0,0
06/03/2013,6.1451,6.1643,6.1258,6.1258,0,0
06/04/2013,6.1258,6.134,6.1258,6.1267,0,0
06/05/2013,6.1267,6.13,6.1265,6.1287,0,0
06/06/2013,6.1286,6.1333,6.1261,6.1261,0,0
06/07/2013,6.126,6.1439,6.125,6.1363,0,0
06/10/2013,6.1369,6.1492,6.1369,6.1467,0,0
06/11/2013,6.1465,6.1523,6.135,6.1445,0,0
06/12/2013,6.1445,6.1447,6.1419,6.1436,0,0
06/13/2013,6.1435,6.1535,6.1378,6.1378,0,0
06/14/2013,6.1378,6.1387,6.1318,6.1327,0,0
06/17/2013,6.1323,6.1345,6.126,6.1291,0,0
06/18/2013,6.1291,6.1367,6.1291,6.1341,0,0
06/19/2013,6.1338,6.136,6.1235,6.132,0,0
06/20/2013,6.1319,6.1351,6.126,6.1291,0,0
06/21/2013,6.1291,6.135,6.1291,6.13,0,0
06/24/2013,6.1297,6.1438,6.1297,6.1385,0,0
06/25/2013,6.1384,6.1457,6.1384,6.1401,0,0
06/26/2013,6.1401,6.1513,6.1401,6.1463,0,0
06/27/2013,6.1462,6.1482,6.1436,6.1436,0,0
06/28/2013,6.1436,6.145,6.1319,6.1354,0,0
07/01/2013,6.1339,6.137,6.1295,6.1295,0,0
07/02/2013,6.1295,6.1323,6.1284,6.1303,0,0
07/03/2013,6.1303,6.1343,6.1287,6.1287,0,0
07/04/2013,6.1286,6.1295,6.1276,6.1276,0,0
07/05/2013,6.1272,6.1381,6.1272,6.1358,0,0
07/08/2013,6.1368,6.1423,6.135,6.135,0,0
07/09/2013,6.1349,6.1392,6.1339,6.1363,0,0
07/10/2013,6.1363,6.1413,6.1345,6.1345,0,0
07/11/2013,6.1344,6.1392,6.133,6.1347,0,0
07/12/2013,6.1345,6.145,6.1345,6.1392,0,0
07/15/2013,6.1376,6.1425,6.1265,6.1382,0,0
07/16/2013,6.1385,6.1392,6.135,6.135,0,0
07/17/2013,6.1344,6.1373,6.1344,6.1354,0,0
07/18/2013,6.1351,6.1429,6.1351,6.1397,0,0
07/19/2013,6.1394,6.143,6.1347,6.1347,0,0
07/22/2013,6.1316,6.138,6.1316,6.1341,0,0
07/23/2013,6.134,6.137,6.1327,6.1327,0,0
07/24/2013,6.1326,6.1353,6.1326,6.1341,0,0
07/25/2013,6.1338,6.1374,6.1338,6.1348,0,0
07/26/2013,6.1345,6.136,6.1328,6.1328,0,0
07/29/2013,6.1339,6.1351,6.133,6.1335,0,0
07/30/2013,6.1337,6.137,6.1327,6.1327,0,0
07/31/2013,6.1327,6.1347,6.1309,6.1309,0,0
08/01/2013,6.1312,6.1328,6.1296,6.1308,0,0
08/02/2013,6.1309,6.1325,6.1239,6.1239,0,0
08/05/2013,6.1261,6.1295,6.1199,6.1199,0,0
08/06/2013,6.1201,6.1227,6.1184,6.1184,0,0
08/07/2013,6.118,6.1443,6.116,6.116,0,0
08/08/2013,6.1166,6.134,6.1104,6.1104,0,0
08/09/2013,6.1102,6.1182,6.1102,6.1165,0,0
08/12/2013,6.1117,6.134,6.1117,6.1157,0,0
08/13/2013,6.1165,6.134,6.1165,6.1179,0,0
08/14/2013,6.1177,6.1203,6.1115,6.1115,0,0
08/15/2013,6.113,6.1163,6.1075,6.1075,0,0
08/16/2013,6.1075,6.1091,6.1072,6.1072,0,0
08/19/2013,6.1071,6.1168,6.0945,6.1146,0,0
08/20/2013,6.1144,6.1199,6.113,6.1131,0,0
08/21/2013,6.113,6.1192,6.113,6.1192,0,0
08/22/2013,6.1191,6.12,6.1124,6.1124,0,0
08/23/2013,6.1125,6.1166,6.1086,6.1086,0,0
08/26/2013,6.1112,6.1143,6.0852,6.111,0,0
08/27/2013,6.1107,6.1153,6.1107,6.1146,0,0
08/28/2013,6.1152,6.1192,6.1146,6.1152,0,0
08/29/2013,6.1149,6.1182,6.1149,6.116,0,0
08/30/2013,6.1162,6.1174,6.1137,6.1137,0,0
09/02/2013,6.1145,6.1163,6.1134,6.1134,0,0
09/03/2013,6.1131,6.1146,6.1131,6.1131,0,0
09/04/2013,6.1141,6.1158,6.1119,6.1119,0,0
09/05/2013,6.1109,6.1147,6.1109,6.1136,0,0
09/06/2013,6.1133,6.1147,6.1114,6.1114,0,0
09/09/2013,6.1108,6.1133,6.1062,6.1062,0,0
09/10/2013,6.1061,6.112,6.1061,6.1092,0,0
09/11/2013,6.1094,6.1129,6.1067,6.1067,0,0
09/12/2013,6.1065,6.1096,6.1063,6.1077,0,0
09/13/2013,6.1075,6.1146,6.1075,6.1116,0,0
09/16/2013,6.1116,6.113,6.0995,6.106,0,0
09/17/2013,6.1078,6.112,6.1078,6.1087,0,0
09/18/2013,6.1087,6.1115,6.1038,6.1038,0,0
09/19/2013,6.1037,6.1092,6.1037,6.1077,0,0
09/20/2013,6.1074,6.1128,6.1074,6.1081,0,0
09/23/2013,6.1078,6.1131,6.1071,6.1109,0,0
09/24/2013,6.1106,6.1178,6.1106,6.116,0,0
09/25/2013,6.1165,6.1184,6.1138,6.1163,0,0
09/26/2013,6.1158,6.1184,6.1158,6.1174,0,0
09/27/2013,6.1178,6.12,6.1139,6.1139,0,0
09/30/2013,6.114,6.1182,6.1124,6.1158,0,0
10/01/2013,6.1155,6.121,6.1131,6.1131,0,0
10/02/2013,6.1129,6.1143,6.1093,6.1093,0,0
10/03/2013,6.1095,6.111,6.1073,6.1073,0,0
10/04/2013,6.1076,6.1086,6.104,6.104,0,0
10/07/2013,6.1049,6.1124,6.1049,6.108,0,0
10/08/2013,6.1081,6.1118,6.1081,6.1096,0,0
10/09/2013,6.1097,6.1135,6.1097,6.1107,0,0
10/10/2013,6.1112,6.1148,6.1038,6.1038,0,0
10/11/2013,6.1006,6.1082,6.1006,6.1035,0,0
10/14/2013,6.1038,6.1086,6.1,6.1,0,0
10/15/2013,6.0997,6.1015,6.0935,6.0935,0,0
10/16/2013,6.0955,6.0996,6.094,6.0945,0,0
10/17/2013,6.0945,6.0979,6.0878,6.0878,0,0
10/18/2013,6.0891,6.0909,6.0864,6.0864,0,0
10/21/2013,6.089,6.0911,6.0846,6.0846,0,0
10/22/2013,6.0853,6.0911,6.0819,6.0819,0,0
10/23/2013,6.0819,6.0853,6.0819,6.0825,0,0
10/24/2013,6.0825,6.0875,6.0761,6.0761,0,0
10/25/2013,6.0759,6.0764,6.0718,6.0718,0,0
10/28/2013,6.073,6.0764,6.0666,6.0728,0,0
10/29/2013,6.0728,6.0807,6.0728,6.0796,0,0
10/30/2013,6.0795,6.0841,6.0795,6.0809,0,0
10/31/2013,6.0792,6.0943,6.0792,6.0879,0,0
11/01/2013,6.0883,6.0913,6.0831,6.0831,0,0
11/04/2013,6.087,6.0895,6.0739,6.0843,0,0
11/05/2013,6.0846,6.087,6.0846,6.0853,0,0
11/06/2013,6.0856,6.0875,6.0814,6.0814,0,0
11/07/2013,6.0813,6.0874,6.0813,6.0817,0,0
11/08/2013,6.0819,6.085,6.0785,6.0785,0,0
11/11/2013,6.0773,6.081,6.0773,6.0777,0,0
11/12/2013,6.0776,6.0791,6.0739,6.0739,0,0
11/13/2013,6.0746,6.0845,6.0745,6.0745,0,0
11/14/2013,6.0748,6.0786,6.0748,6.0762,0,0
11/15/2013,6.0762,6.0786,6.0731,6.0731,0,0
11/18/2013,6.0722,6.0751,6.0693,6.0708,0,0
11/19/2013,6.0681,6.0696,6.0581,6.0606,0,0
11/20/2013,6.0603,6.0682,6.0603,6.0672,0,0
11/21/2013,6.0671,6.0714,6.0671,6.0689,0,0
11/22/2013,6.069,6.0764,6.069,6.0725,0,0
11/25/2013,6.0717,6.0812,6.0717,6.0767,0,0
11/26/2013,6.076,6.0815,6.076,6.0787,0,0
11/27/2013,6.0788,6.086,6.0788,6.0841,0,0
11/28/2013,6.0826,6.0869,6.0826,6.0841,0,0
11/29/2013,6.0836,6.0889,6.0829,6.0829,0,0
12/02/2013,6.0839,6.0878,6.0839,6.084,0,0
12/03/2013,6.0843,6.0871,6.0818,6.0818,0,0
12/04/2013,6.0776,6.084,6.0774,6.0774,0,0
12/05/2013,6.0745,6.0827,6.0745,6.0763,0,0
12/06/2013,6.0761,6.0773,6.0674,6.0674,0,0
12/09/2013,6.0644,6.0688,6.0603,6.0619,0,0
12/10/2013,6.0606,6.0655,6.0606,6.0636,0,0
12/11/2013,6.063,6.0752,6.063,6.073,0,0
12/12/2013,6.0745,6.0789,6.0736,6.0736,0,0
12/13/2013,6.0744,6.0765,6.0706,6.0706,0,0
12/16/2013,6.071,6.0736,6.0686,6.0686,0,0
12/17/2013,6.0685,6.0735,6.0685,6.0686,0,0
12/18/2013,6.0661,6.0732,6.0661,6.0717,0,0
12/19/2013,6.0716,6.0757,6.0716,6.0724,0,0
12/20/2013,6.0725,6.0746,6.0643,6.0643,0,0
12/23/2013,6.0673,6.071,6.0673,6.0696,0,0
12/24/2013,6.0673,6.0727,6.0673,6.0716,0,0
12/25/2013,6.0716,6.0716,6.0702,6.0702,0,0
12/26/2013,6.0705,6.075,6.0705,6.0736,0,0
12/27/2013,6.0735,6.0749,6.0697,6.0697,0,0
12/30/2013,6.0657,6.073,6.0651,6.0651,0,0
12/31/2013,6.065,6.0659,6.054,6.054,0,0
01/01/2014,6.0542,6.0542,6.0524,6.0524,0,0
01/02/2014,6.0523,6.0533,6.0454,6.05,0,0
01/03/2014,6.0512,6.0517,6.0464,6.047,0,0
01/06/2014,6.0476,6.0491,6.0426,6.0426,0,0
01/07/2014,6.0412,6.0448,6.0377,6.0377,0,0
01/08/2014,6.0356,6.0386,6.0326,6.0362,0,0
01/09/2014,6.0374,6.0418,6.0374,6.0377,0,0
01/10/2014,6.0363,6.0401,6.0312,6.0312,0,0
01/13/2014,6.0345,6.035,6.0266,6.0266,0,0
01/14/2014,6.0279,6.0281,6.0171,6.0177,0,0
01/15/2014,6.0188,6.0263,6.018,6.0206,0,0
01/16/2014,6.0208,6.0254,6.0208,6.0231,0,0
01/17/2014,6.0231,6.0238,6.0192,6.0192,0,0
01/20/2014,6.0216,6.0277,6.0177,6.0177,0,0
01/21/2014,6.0178,6.0332,6.0178,6.0303,0,0
01/22/2014,6.0303,6.0316,6.0278,6.0278,0,0
01/23/2014,6.027,6.0374,6.027,6.0363,0,0
01/24/2014,6.0347,6.0443,6.034,6.0406,0,0
01/27/2014,6.0372,6.0422,6.0358,6.0358,0,0
01/28/2014,6.0358,6.0366,6.0287,6.0287,0,0
01/29/2014,6.0287,6.0339,6.0278,6.0278,0,0
01/30/2014,6.0289,6.0381,6.0289,6.0331,0,0
01/31/2014,6.0319,6.0371,6.0319,6.0348,0,0
02/03/2014,6.0357,6.0357,6.0319,6.0319,0,0
02/04/2014,6.0318,6.0331,6.0266,6.0266,0,0
02/05/2014,6.0236,6.0283,6.0236,6.0262,0,0
02/06/2014,6.0254,6.027,6.0239,6.0239,0,0
02/07/2014,6.0239,6.0321,6.0153,6.0257,0,0
02/10/2014,6.0255,6.037,6.0255,6.0344,0,0
02/11/2014,6.0342,6.0382,6.0341,6.0341,0,0
02/12/2014,6.0339,6.0407,6.0339,6.0349,0,0
02/13/2014,6.0332,6.0429,6.0332,6.0379,0,0
02/14/2014,6.0386,6.0404,6.0333,6.0333,0,0
02/17/2014,6.0333,6.0369,6.0333,6.0339,0,0
02/18/2014,6.034,6.0379,6.034,6.0358,0,0
02/19/2014,6.0364,6.0489,6.0364,6.0485,0,0
02/20/2014,6.0479,6.0728,6.0479,6.0702,0,0
02/21/2014,6.0701,6.1151,6.0689,6.0915,0,0
02/24/2014,6.0959,6.105,6.0903,6.0957,0,0
02/25/2014,6.0955,6.1277,6.0941,6.1147,0,0
02/26/2014,6.1147,6.131,6.1097,6.1163,0,0
02/27/2014,6.1165,6.1242,6.0962,6.0987,0,0
02/28/2014,6.0989,6.1324,6.0989,6.1184,0,0
03/03/2014,6.1206,6.1288,6.1197,6.1248,0,0
03/04/2014,6.1248,6.1315,6.1248,6.1287,0,0
03/05/2014,6.1287,6.1372,6.1196,6.1196,0,0
03/06/2014,6.1197,6.1252,6.0978,6.0993,0,0
03/07/2014,6.0995,6.1128,6.0946,6.1075,0,0
03/10/2014,6.1075,6.1372,6.1075,6.1337,0,0
03/11/2014,6.135,6.1432,6.1266,6.1387,0,0
03/12/2014,6.1406,6.149,6.1384,6.1384,0,0
03/13/2014,6.1383,6.156,6.1331,6.142,0,0
03/14/2014,6.1428,6.1594,6.1396,6.1529,0,0
03/17/2014,6.1694,6.1694,6.1552,6.1587,0,0
03/18/2014,6.1594,6.1848,6.1594,6.1797,0,0
03/19/2014,6.1794,6.1984,6.1794,6.1914,0,0
03/20/2014,6.1913,6.2115,6.1913,6.2052,0,0
03/21/2014,6.2051,6.2089,6.194,6.1951,0,0
03/24/2014,6.1951,6.2013,6.1799,6.1799,0,0
03/25/2014,6.1801,6.1905,6.1727,6.1846,0,0
03/26/2014,6.1841,6.2039,6.1841,6.2015,0,0
03/27/2014,6.2014,6.2136,6.2014,6.207,0,0
03/28/2014,6.2056,6.2123,6.2017,6.2017,0,0
03/31/2014,6.2042,6.23,6.2039,6.2135,0,0
04/01/2014,6.2134,6.2149,6.2031,6.2042,0,0
04/02/2014,6.2041,6.2052,6.1974,6.2035,0,0
04/03/2014,6.2035,6.216,6.2033,6.2144,0,0
04/04/2014,6.2133,6.2209,6.2107,6.2108,0,0
04/07/2014,6.209,6.2142,6.209,6.2092,0,0
04/08/2014,6.2088,6.2117,6.1897,6.1897,0,0
04/09/2014,6.189,6.1999,6.1871,6.1898,0,0
04/10/2014,6.1901,6.2097,6.1901,6.2076,0,0
04/11/2014,6.2076,6.2141,6.2055,6.2055,0,0
04/14/2014,6.2074,6.2415,6.2074,6.2199,0,0
04/15/2014,6.2199,6.2306,6.2199,6.223,0,0
04/16/2014,6.2229,6.228,6.2229,6.2231,0,0
04/17/2014,6.2232,6.2246,6.2179,6.2188,0,0
04/18/2014,6.2188,6.225,6.2188,6.2215,0,0
04/21/2014,6.2223,6.232,6.2223,6.2262,0,0
04/22/2014,6.227,6.2384,6.227,6.236,0,0
04/23/2014,6.236,6.2463,6.236,6.2388,0,0
04/24/2014,6.2386,6.2546,6.2371,6.2509,0,0
04/25/2014,6.2509,6.2628,6.25,6.2533,0,0
04/28/2014,6.255,6.2587,6.2497,6.2497,0,0
04/29/2014,6.2503,6.2581,6.2438,6.2562,0,0
04/30/2014,6.2565,6.271,6.2524,6.2524,0,0
05/01/2014,6.2519,6.2576,6.2498,6.2535,0,0
05/02/2014,6.2524,6.2614,6.2524,6.2546,0,0
05/05/2014,6.2546,6.2555,6.2412,6.2412,0,0
05/06/2014,6.2424,6.2462,6.2199,6.2199,0,0
05/07/2014,6.2202,6.2379,6.2202,6.232,0,0
05/08/2014,6.2328,6.2394,6.2178,6.2313,0,0
05/09/2014,6.2311,6.2342,6.2292,6.23,0,0
05/12/2014,6.2322,6.2423,6.2322,6.2407,0,0
05/13/2014,6.2407,6.2447,6.232,6.233,0,0
05/14/2014,6.233,6.2394,6.2234,6.2234,0,0
05/15/2014,6.2233,6.2341,6.2233,6.2305,0,0
05/16/2014,6.2308,6.2375,6.2288,6.2313,0,0
05/19/2014,6.2308,6.2408,6.2308,6.2347,0,0
05/20/2014,6.235,6.239,6.235,6.2356,0,0
05/21/2014,6.2355,6.2385,6.2323,6.2323,0,0
05/22/2014,6.2325,6.2359,6.2297,6.2297,0,0
05/23/2014,6.2299,6.2371,6.2299,6.233,0,0
05/26/2014,6.2298,6.2375,6.2298,6.2346,0,0
05/27/2014,6.2349,6.2559,6.2349,6.2538,0,0
05/28/2014,6.2534,6.2705,6.2534,6.2627,0,0
05/29/2014,6.2626,6.2673,6.2451,6.2451,0,0
05/30/2014,6.2458,6.25,6.2417,6.2457,0,0
06/02/2014,6.2457,6.255,6.2457,6.2503,0,0
06/03/2014,6.2508,6.2556,6.2474,6.2494,0,0
06/04/2014,6.2494,6.2581,6.2494,6.2523,0,0
06/05/2014,6.2524,6.2626,6.2524,6.2528,0,0
06/06/2014,6.2528,6.2547,6.2402,6.2402,0,0
06/09/2014,6.2401,6.2444,6.2258,6.2258,0,0
06/10/2014,6.226,6.2304,6.2144,6.2144,0,0
06/11/2014,6.2144,6.2274,6.2144,6.2204,0,0
06/12/2014,6.2209,6.2264,6.2102,6.2102,0,0
06/13/2014,6.2103,6.2176,6.2054,6.2077,0,0
06/16/2014,6.2106,6.224,6.209,6.2176,0,0
06/17/2014,6.2181,6.2329,6.2181,6.2327,0,0
06/18/2014,6.2321,6.2356,6.2247,6.2247,0,0
06/19/2014,6.2243,6.2311,6.2243,6.2288,0,0
06/20/2014,6.2283,6.231,6.2234,6.2234,0,0
06/23/2014,6.2263,6.2291,6.2215,6.2215,0,0
06/24/2014,6.222,6.2322,6.222,6.2299,0,0
06/25/2014,6.2302,6.2357,6.2271,6.2271,0,0
06/26/2014,6.2263,6.2315,6.2234,6.224,0,0
06/27/2014,6.2247,6.2256,6.211,6.211,0,0
06/30/2014,6.2131,6.2156,6.2047,6.2047,0,0
07/01/2014,6.2041,6.2083,6.2011,6.2022,0,0
07/02/2014,6.2023,6.2171,6.2023,6.2131,0,0
07/03/2014,6.2135,6.2191,6.2099,6.2099,0,0
07/04/2014,6.2098,6.2167,6.2035,6.2035,0,0
07/07/2014,6.2046,6.2077,6.199,6.2019,0,0
07/08/2014,6.2013,6.2063,6.2006,6.2024,0,0
07/09/2014,6.202,6.2029,6.1948,6.1948,0,0
07/10/2014,6.1952,6.2075,6.1933,6.2026,0,0
07/11/2014,6.2017,6.2095,6.1997,6.1997,0,0
07/14/2014,6.2035,6.2094,6.2035,6.2081,0,0
07/15/2014,6.2072,6.2154,6.2072,6.2137,0,0
07/16/2014,6.2147,6.2171,6.2071,6.2076,0,0
07/17/2014,6.2079,6.2093,6.2008,6.2048,0,0
07/18/2014,6.205,6.2071,6.2017,6.2023,0,0
07/21/2014,6.2024,6.2071,6.2024,6.2048,0,0
07/22/2014,6.2036,6.2058,6.2019,6.2019,0,0
07/23/2014,6.2006,6.2036,6.1913,6.1913,0,0
07/24/2014,6.1901,6.1933,6.1886,6.1914,0,0
07/25/2014,6.1903,6.1956,6.1846,6.1846,0,0
07/28/2014,6.1867,6.19,6.1808,6.1808,0,0
07/29/2014,6.1808,6.1837,6.1774,6.1808,0,0
07/30/2014,6.1808,6.182,6.1711,6.1716,0,0
07/31/2014,6.1701,6.181,6.1701,6.1801,0,0
08/01/2014,6.1801,6.1839,6.1717,6.1717,0,0
08/04/2014,6.1711,6.178,6.1711,6.1733,0,0
08/05/2014,6.1733,6.1756,6.1671,6.1685,0,0
08/06/2014,6.1685,6.1708,6.1594,6.1594,0,0
08/07/2014,6.1614,6.1675,6.1587,6.1653,0,0
08/08/2014,6.164,6.1689,6.1516,6.1516,0,0
08/11/2014,6.1542,6.1563,6.1513,6.1514,0,0
08/12/2014,6.1524,6.163,6.1524,6.1598,0,0
08/13/2014,6.1598,6.1653,6.157,6.1579,0,0
08/14/2014,6.1579,6.1587,6.1503,6.1516,0,0
08/15/2014,6.1516,6.1523,6.1446,6.145,0,0
08/18/2014,6.145,6.1467,6.1398,6.1405,0,0
08/19/2014,6.1405,6.1453,6.1356,6.1428,0,0
08/20/2014,6.1416,6.1468,6.1416,6.1429,0,0
08/21/2014,6.1429,6.1588,6.1429,6.1537,0,0
08/22/2014,6.1538,6.1622,6.1532,6.1532,0,0
08/25/2014,6.1556,6.1613,6.1538,6.1546,0,0
08/26/2014,6.1531,6.158,6.1492,6.1506,0,0
08/27/2014,6.1506,6.1511,6.1434,6.1434,0,0
08/28/2014,6.1421,6.1529,6.1421,6.1469,0,0
08/29/2014,6.1483,6.1521,6.1474,6.1478,0,0
09/01/2014,6.1478,6.1517,6.1437,6.1451,0,0
09/02/2014,6.1441,6.1544,6.1441,6.1509,0,0
09/03/2014,6.1501,6.1533,6.1448,6.1452,0,0
09/04/2014,6.1441,6.1484,6.138,6.1484,0,0
09/05/2014,6.1484,6.1492,6.1404,6.1404,0,0
09/08/2014,6.1411,6.1414,6.134,6.1384,0,0
09/09/2014,6.1373,6.1412,6.1328,6.1375,0,0
09/10/2014,6.1365,6.1385,6.1311,6.1326,0,0
09/11/2014,6.1325,6.1373,6.1325,6.137,0,0
09/12/2014,6.1356,6.1417,6.1356,6.1372,0,0
09/15/2014,6.1387,6.176,6.1387,6.1673,0,0
09/16/2014,6.1673,6.1793,6.1547,6.1559,0,0
09/17/2014,6.1559,6.1605,6.149,6.159,0,0
09/18/2014,6.1578,6.1637,6.1455,6.146,0,0
09/19/2014,6.1442,6.147,6.1408,6.1431,0,0
09/22/2014,6.1369,6.1547,6.1369,6.1526,0,0
09/23/2014,6.1514,6.1526,6.14,6.141,0,0
09/24/2014,6.1399,6.1433,6.1367,6.1393,0,0
09/25/2014,6.1381,6.1509,6.1381,6.1467,0,0
09/26/2014,6.1467,6.148,6.1404,6.1428,0,0
09/29/2014,6.1384,6.1797,6.1384,6.1755,0,0
09/30/2014,6.1755,6.1792,6.1628,6.1782,0,0
10/01/2014,6.1782,6.1838,6.1698,6.1698,0,0
10/02/2014,6.1689,6.1701,6.1587,6.1587,0,0
10/03/2014,6.1589,6.1695,6.1568,6.164,0,0
10/06/2014,6.1664,6.171,6.1503,6.1513,0,0
10/07/2014,6.1501,6.154,6.1464,6.1464,0,0
10/08/2014,6.1454,6.1473,6.1369,6.1375,0,0
10/09/2014,6.1375,6.1417,6.1336,6.137,0,0
10/10/2014,6.1355,6.1446,6.1355,6.1403,0,0
10/13/2014,6.137,6.1441,6.1358,6.1358,0,0
10/14/2014,6.1346,6.1428,6.1343,6.1415,0,0
10/15/2014,6.1415,6.1422,6.1324,6.1352,0,0
10/16/2014,6.1352,6.1548,6.1309,6.1416,0,0
10/17/2014,6.1404,6.1491,6.1356,6.1396,0,0
10/20/2014,6.1376,6.1402,6.1316,6.1316,0,0
10/21/2014,6.1316,6.1328,6.1248,6.127,0,0
10/22/2014,6.1255,6.1283,6.1212,6.1242,0,0
10/23/2014,6.1245,6.1271,6.1243,6.1254,0,0
10/24/2014,6.124,6.1303,6.1223,6.1223,0,0
10/27/2014,6.1242,6.1249,6.1195,6.1195,0,0
10/28/2014,6.1184,6.1201,6.113,6.113,0,0
10/29/2014,6.1115,6.1187,6.1114,6.1179,0,0
10/30/2014,6.1171,6.123,6.1145,6.1145,0,0
10/31/2014,6.1149,6.137,6.1148,6.1268,0,0
11/03/2014,6.1244,6.1306,6.1231,6.1286,0,0
11/04/2014,6.1294,6.1314,6.1173,6.1173,0,0
11/05/2014,6.1161,6.1232,6.1153,6.1196,0,0
11/06/2014,6.1202,6.1239,6.1177,6.1184,0,0
11/07/2014,6.1184,6.1426,6.1184,6.1329,0,0
11/10/2014,6.1341,6.1576,6.1205,6.1219,0,0
11/11/2014,6.1218,6.1346,6.1218,6.1252,0,0
11/12/2014,6.1268,6.1378,6.1268,6.1299,0,0
11/13/2014,6.1319,6.1354,6.1287,6.1292,0,0
11/14/2014,6.1279,6.135,6.1276,6.129,0,0
11/17/2014,6.1295,6.1311,6.1,6.1246,0,0
11/18/2014,6.124,6.1266,6.1165,6.1165,0,0
11/19/2014,6.1168,6.1274,6.1157,6.123,0,0
11/20/2014,6.123,6.1304,6.123,6.1237,0,0
11/21/2014,6.1221,6.1386,6.1216,6.1332,0,0
11/24/2014,6.1285,6.1626,6.1285,6.1569,0,0
11/25/2014,6.157,6.1585,6.1438,6.1452,0,0
11/26/2014,6.1448,6.1576,6.1348,6.1473,0,0
11/27/2014,6.1481,6.1495,6.1348,6.1457,0,0
11/28/2014,6.1456,6.1631,6.1456,6.1594,0,0
12/01/2014,6.1594,6.1681,6.1556,6.1556,0,0
12/02/2014,6.1561,6.1588,6.15,6.156,0,0
12/03/2014,6.1543,6.1567,6.1458,6.146,0,0
12/04/2014,6.1459,6.1585,6.1459,6.1504,0,0
12/05/2014,6.1499,6.1598,6.1499,6.158,0,0
12/08/2014,6.158,6.1813,6.1512,6.1721,0,0
12/09/2014,6.1722,6.2053,6.171,6.1876,0,0
12/10/2014,6.1857,6.199,6.1725,6.1782,0,0
12/11/2014,6.1782,6.1986,6.1756,6.1947,0,0
12/12/2014,6.1921,6.2031,6.187,6.1936,0,0
12/15/2014,6.1925,6.1998,6.1886,6.1953,0,0
12/16/2014,6.1964,6.2021,6.1899,6.1922,0,0
12/17/2014,6.1919,6.2023,6.191,6.2,0,0
12/18/2014,6.203,6.2244,6.2007,6.219,0,0
12/19/2014,6.2183,6.2297,6.2171,6.2209,0,0
12/22/2014,6.2219,6.2266,6.2148,6.2173,0,0
12/23/2014,6.2182,6.2328,6.2182,6.2301,0,0
12/24/2014,6.2301,6.2324,6.2222,6.2222,0,0
12/25/2014,6.2222,6.2263,6.2044,6.2044,0,0
12/26/2014,6.2044,6.2231,6.2044,6.2162,0,0
12/29/2014,6.2172,6.2369,6.2118,6.2325,0,0
12/30/2014,6.2325,6.2394,6.2146,6.2163,0,0
12/31/2014,6.2163,6.2278,6.2069,6.2164,0,0
01/01/2015,6.2017,6.2184,6.2017,6.2184,0,0
01/02/2015,6.2182,6.2305,6.2182,6.2264,0,0
01/05/2015,6.2262,6.2333,6.2222,6.2271,0,0
01/06/2015,6.2268,6.2281,6.2075,6.2112,0,0
01/07/2015,6.2114,6.2207,6.2091,6.2154,0,0
01/08/2015,6.2118,6.2237,6.2118,6.217,0,0
01/09/2015,6.2159,6.2208,6.2036,6.2036,0,0
01/12/2015,6.203,6.2055,6.1961,6.1964,0,0
01/13/2015,6.1964,6.2048,6.1945,6.1949,0,0
01/14/2015,6.1944,6.1986,6.1927,6.1927,0,0
01/15/2015,6.1927,6.2184,6.1879,6.2079,0,0
01/16/2015,6.2078,6.2438,6.1986,6.2365,0,0
01/19/2015,6.2315,6.2385,6.2215,6.2234,0,0
01/20/2015,6.2191,6.2279,6.2161,6.2192,0,0
01/21/2015,6.2208,6.2258,6.2127,6.2152,0,0
01/22/2015,6.2152,6.2237,6.2105,6.2205,0,0
01/23/2015,6.2186,6.2551,6.2186,6.2493,0,0
01/26/2015,6.2483,6.2698,6.2483,6.2525,0,0
01/27/2015,6.2525,6.2557,6.2386,6.2417,0,0
01/28/2015,6.2421,6.2629,6.2405,6.2578,0,0
01/29/2015,6.2575,6.2651,6.2549,6.2604,0,0
01/30/2015,6.2606,6.2895,6.2561,6.2818,0,0
02/02/2015,6.2818,6.2869,6.2664,6.2671,0,0
02/03/2015,6.268,6.2756,6.2508,6.2552,0,0
02/04/2015,6.2552,6.2601,6.2476,6.2557,0,0
02/05/2015,6.2557,6.2653,6.242,6.242,0,0
02/06/2015,6.242,6.2537,6.235,6.2466,0,0
02/09/2015,6.2462,6.2551,6.2462,6.2533,0,0
02/10/2015,6.2522,6.2583,6.2421,6.256,0,0
02/11/2015,6.2559,6.2569,6.2441,6.2443,0,0
02/12/2015,6.2476,6.2524,6.2401,6.2401,0,0
02/13/2015,6.2405,6.2467,6.237,6.2402,0,0
02/16/2015,6.2422,6.2724,6.2422,6.2644,0,0
02/17/2015,6.2644,6.2857,6.2644,6.2752,0,0
02/18/2015,6.2748,6.2845,6.2732,6.2732,0,0
02/19/2015,6.2732,6.2797,6.2731,6.2775,0,0
02/20/2015,6.2775,6.2826,6.2748,6.276,0,0
02/23/2015,6.276,6.2795,6.2725,6.2725,0,0
02/24/2015,6.2725,6.2775,6.262,6.262,0,0
02/25/2015,6.262,6.2737,6.262,6.2701,0,0
02/26/2015,6.2701,6.2802,6.265,6.2775,0,0
02/27/2015,6.2781,6.2935,6.2771,6.2845,0,0
03/02/2015,6.2846,6.3019,6.283,6.288,0,0
03/03/2015,6.2888,6.2917,6.2813,6.2813,0,0
03/04/2015,6.2835,6.2886,6.2763,6.2869,0,0
03/05/2015,6.2868,6.2921,6.2712,6.2712,0,0
03/06/2015,6.2727,6.2855,6.2708,6.2828,0,0
03/09/2015,6.2805,6.2836,6.2718,6.273,0,0
03/10/2015,6.2708,6.2839,6.2708,6.2823,0,0
03/11/2015,6.2823,6.2823,6.2728,6.2779,0,0
03/12/2015,6.2782,6.2814,6.2635,6.2748,0,0
03/13/2015,6.2748,6.2899,6.2693,6.2834,0,0
03/16/2015,6.2857,6.2857,6.2645,6.2693,0,0
03/17/2015,6.2652,6.2704,6.2433,6.2454,0,0
03/18/2015,6.2454,6.2477,6.2215,6.2224,0,0
03/19/2015,6.2224,6.2266,6.2009,6.2162,0,0
03/20/2015,6.2162,6.223,6.1967,6.2007,0,0
03/23/2015,6.1998,6.2162,6.1941,6.2035,0,0
03/24/2015,6.2043,6.2169,6.2032,6.2081,0,0
03/25/2015,6.2081,6.217,6.2071,6.2112,0,0
03/26/2015,6.2112,6.2176,6.2097,6.2147,0,0
03/27/2015,6.2147,6.2248,6.2099,6.2099,0,0
03/30/2015,6.2085,6.2169,6.2061,6.2069,0,0
03/31/2015,6.2069,6.2098,6.2023,6.2051,0,0
04/01/2015,6.2051,6.2105,6.1999,6.2031,0,0
04/02/2015,6.2031,6.2071,6.199,6.199,0,0
04/03/2015,6.1988,6.2043,6.1943,6.1954,0,0
04/06/2015,6.1935,6.2046,6.1933,6.1934,0,0
04/07/2015,6.1934,6.2013,6.1932,6.1998,0,0
04/08/2015,6.1998,6.2098,6.1984,6.2065,0,0
04/09/2015,6.2065,6.2193,6.2065,6.2174,0,0
04/10/2015,6.2174,6.2218,6.2154,6.2154,0,0
04/13/2015,6.2168,6.2293,6.2168,6.2249,0,0
04/14/2015,6.2249,6.2269,6.2123,6.2126,0,0
04/15/2015,6.2126,6.2158,6.1988,6.1988,0,0
04/16/2015,6.1988,6.2015,6.1874,6.1874,0,0
04/17/2015,6.1874,6.1984,6.1865,6.1922,0,0
04/20/2015,6.1899,6.2039,6.1899,6.196,0,0
04/21/2015,6.196,6.2017,6.196,6.1966,0,0
04/22/2015,6.1968,6.1992,6.1902,6.194,0,0
04/23/2015,6.1942,6.1984,6.1903,6.1906,0,0
04/24/2015,6.1902,6.1996,6.1899,6.1946,0,0
04/27/2015,6.1932,6.2245,6.1932,6.213,0,0
04/28/2015,6.213,6.2197,6.2011,6.2048,0,0
04/29/2015,6.2049,6.2172,6.2001,6.2002,0,0
04/30/2015,6.2002,6.2118,6.1975,6.2076,0,0
05/01/2015,6.2076,6.2149,6.2076,6.2108,0,0
05/04/2015,6.2107,6.2157,6.2098,6.2104,0,0
05/05/2015,6.2104,6.2144,6.2063,6.2064,0,0
05/06/2015,6.2064,6.2086,6.1981,6.2012,0,0
05/07/2015,6.2017,6.2146,6.2009,6.2085,0,0
05/08/2015,6.2085,6.2144,6.205,6.205,0,0
05/11/2015,6.2068,6.2165,6.2068,6.2115,0,0
05/12/2015,6.2116,6.2147,6.2068,6.208,0,0
05/13/2015,6.208,6.2106,6.1996,6.2001,0,0
05/14/2015,6.1995,6.205,6.1988,6.2037,0,0
05/15/2015,6.2044,6.2083,6.1999,6.1999,0,0
05/18/2015,6.199,6.2069,6.199,6.2048,0,0
05/19/2015,6.2049,6.2106,6.2048,6.208,0,0
05/20/2015,6.2083,6.2103,6.2048,6.2053,0,0
05/21/2015,6.2046,6.2061,6.1964,6.1965,0,0
05/22/2015,6.1958,6.2024,6.1935,6.1992,0,0
05/25/2015,6.1992,6.2044,6.1992,6.2011,0,0
05/26/2015,6.2011,6.2094,6.2011,6.209,0,0
05/27/2015,6.2092,6.2095,6.2036,6.2038,0,0
05/28/2015,6.2047,6.2069,6.2005,6.2031,0,0
05/29/2015,6.2031,6.2048,6.1995,6.1995,0,0
06/01/2015,6.1995,6.2056,6.1978,6.2045,0,0
06/02/2015,6.2052,6.2056,6.1992,6.2,0,0
06/03/2015,6.2006,6.2019,6.1981,6.1988,0,0
06/04/2015,6.1991,6.2089,6.1979,6.2052,0,0
06/05/2015,6.2048,6.2142,6.2048,6.2091,0,0
06/08/2015,6.2048,6.2152,6.2048,6.2073,0,0
06/09/2015,6.2081,6.2149,6.2081,6.2111,0,0
06/10/2015,6.2112,6.2132,6.208,6.208,0,0
06/11/2015,6.208,6.2125,6.208,6.2119,0,0
06/12/2015,6.2118,6.2196,6.2106,6.2126,0,0
06/15/2015,6.2095,6.216,6.2095,6.2115,0,0
06/16/2015,6.2124,6.2127,6.2088,6.2089,0,0
06/17/2015,6.2089,6.2109,6.2033,6.2047,0,0
06/18/2015,6.2036,6.2088,6.2023,6.2036,0,0
06/19/2015,6.2036,6.214,6.2026,6.2036,0,0
06/22/2015,6.202,6.2062,6.202,6.2024,0,0
06/23/2015,6.2024,6.2058,6.2002,6.2006,0,0
06/24/2015,6.2006,6.2046,6.2001,6.2001,0,0
06/25/2015,6.2011,6.2088,6.2011,6.2045,0,0
06/26/2015,6.2035,6.2111,6.2035,6.2058,0,0
06/29/2015,6.2055,6.2166,6.2055,6.207,0,0
06/30/2015,6.207,6.2093,6.2034,6.2049,0,0
07/01/2015,6.2049,6.2068,6.2023,6.206,0,0
07/02/2015,6.2061,6.2067,6.2024,6.2028,0,0
07/03/2015,6.2028,6.208,6.2006,6.2006,0,0
07/06/2015,6.2043,6.2182,6.2043,6.2119,0,0
07/07/2015,6.2119,6.2278,6.2119,6.2213,0,0
07/08/2015,6.2211,6.2291,6.2152,6.2212,0,0
07/09/2015,6.2211,6.2218,6.212,6.2168,0,0
07/10/2015,6.2168,6.2186,6.2128,6.218,0,0
07/13/2015,6.2138,6.2188,6.2138,6.2155,0,0
07/14/2015,6.2163,6.2176,6.2132,6.2134,0,0
07/15/2015,6.2134,6.2164,6.2123,6.2162,0,0
07/16/2015,6.2162,6.2166,6.2125,6.2125,0,0
07/17/2015,6.2131,6.2154,6.2081,6.2081,0,0
07/20/2015,6.2098,6.2148,6.2098,6.2139,0,0
07/21/2015,6.2139,6.2146,6.208,6.2091,0,0
07/22/2015,6.2091,6.2131,6.2082,6.2118,0,0
07/23/2015,6.2117,6.2179,6.2117,6.2133,0,0
07/24/2015,6.2126,6.2285,6.2126,6.224,0,0
07/27/2015,6.2241,6.2293,6.2192,6.2192,0,0
07/28/2015,6.2191,6.2209,6.2146,6.2169,0,0
07/29/2015,6.2171,6.2193,6.2137,6.2179,0,0
07/30/2015,6.2179,6.2229,6.2174,6.2198,0,0
07/31/2015,6.2198,6.2241,6.215,6.2206,0,0
08/03/2015,6.2188,6.2211,6.2172,6.2179,0,0
08/04/2015,6.2185,6.2203,6.215,6.2183,0,0
08/05/2015,6.2183,6.2266,6.2168,6.2168,0,0
08/06/2015,6.2173,6.2201,6.217,6.217,0,0
08/07/2015,6.2163,6.2196,6.2159,6.2161,0,0
08/10/2015,6.2116,6.219,6.2116,6.2141,0,0
08/11/2015,6.2141,6.4354,6.2137,6.4004,0,0
08/12/2015,6.4001,6.5943,6.3977,6.4457,0,0
08/13/2015,6.4454,6.5108,6.4358,6.4597,0,0
08/14/2015,6.4597,6.4603,6.4274,6.4512,0,0
08/17/2015,6.4459,6.456,6.431,6.4442,0,0
08/18/2015,6.4443,6.4528,6.4326,6.4363,0,0
08/19/2015,6.4363,6.4632,6.4356,6.4565,0,0
08/20/2015,6.4565,6.457,6.4375,6.44,0,0
08/21/2015,6.44,6.4555,6.4355,6.454,0,0
08/24/2015,6.4524,6.5294,6.4499,6.4936,0,0
08/25/2015,6.4936,6.515,6.4529,6.5077,0,0
08/26/2015,6.5077,6.5116,6.4816,6.489,0,0
08/27/2015,6.4886,6.4914,6.472,6.475,0,0
08/28/2015,6.4744,6.4787,6.4502,6.4584,0,0
08/31/2015,6.46,6.4601,6.4399,6.4399,0,0
09/01/2015,6.4407,6.4476,6.4079,6.4147,0,0
09/02/2015,6.4159,6.4581,6.4137,6.4444,0,0
09/03/2015,6.4451,6.4546,6.4411,6.4461,0,0
09/04/2015,6.4461,6.4717,6.4461,6.4662,0,0
09/07/2015,6.4646,6.4917,6.4459,6.4753,0,0
09/08/2015,6.4755,6.4941,6.4521,6.4521,0,0
09/09/2015,6.4521,6.4717,6.4453,6.465,0,0
09/10/2015,6.4646,6.4826,6.3796,6.3858,0,0
09/11/2015,6.3872,6.419,6.3786,6.408,0,0
09/14/2015,6.4024,6.4051,6.3952,6.4019,4094,0
09/15/2015,6.4006,6.4117,6.3935,6.4096,11962,0
09/16/2015,6.4091,6.411,6.3972,6.404,11081,0
09/17/2015,6.4037,6.4132,6.3962,6.3984,10793,0
09/18/2015,6.3989,6.4032,6.3803,6.3853,13468,0
09/21/2015,6.3846,6.4074,6.3814,6.398,10731,0
09/22/2015,6.398,6.4196,6.3969,6.416,13634,0
09/23/2015,6.416,6.4393,6.4081,6.4374,14431,0
09/24/2015,6.4381,6.4432,6.4124,6.416,13368,0
09/25/2015,6.416,6.4209,6.3915,6.3974,11564,0
09/28/2015,6.3969,6.4003,6.3561,6.3569,10916,0
09/29/2015,6.3581,6.3746,6.329,6.3435,14240,0
09/30/2015,6.3433,6.3671,6.3394,6.3622,13457,0
10/01/2015,6.3644,6.3708,6.3547,6.3658,10922,0
10/02/2015,6.3652,6.3795,6.3519,6.3558,9897,0
10/05/2015,6.3559,6.3635,6.3405,6.3475,9461,0
10/06/2015,6.3466,6.3592,6.3434,6.3499,8976,0
10/07/2015,6.3511,6.3544,6.3319,6.3454,8913,0
10/08/2015,6.344,6.3573,6.339,6.3397,10241,0
10/09/2015,6.3404,6.3483,6.3344,6.3345,9305,0
10/12/2015,6.338,6.3423,6.3119,6.3221,9167,0
10/13/2015,6.322,6.3465,6.3173,6.3416,8834,0
10/14/2015,6.342,6.3556,6.3349,6.338,8455,0
10/15/2015,6.3381,6.3522,6.3362,6.349,7684,0
10/16/2015,6.3484,6.3681,6.3468,6.3635,9114,0
10/19/2015,6.3588,6.3886,6.3587,6.388,6943,0
10/20/2015,6.3848,6.3869,6.3603,6.3701,8708,0
10/21/2015,6.3671,6.3721,6.355,6.3686,7738,0
10/22/2015,6.3671,6.3944,6.3619,6.3853,8175,0
10/23/2015,6.3855,6.399,6.3775,6.3938,9230,0
10/26/2015,6.3933,6.3968,6.3824,6.3871,6922,0
10/27/2015,6.3877,6.3959,6.3779,6.3926,7639,0
10/28/2015,6.3917,6.4055,6.3829,6.3879,10343,0
10/29/2015,6.3881,6.4002,6.3415,6.3482,13909,0
10/30/2015,6.3479,6.3522,6.3108,6.3199,11729,0
11/02/2015,6.3196,6.3499,6.3196,6.3458,7571,0
11/03/2015,6.3448,6.3542,6.3373,6.344,8143,0
11/04/2015,6.3442,6.3564,6.3411,6.3518,7562,0
11/05/2015,6.3518,6.3751,6.3498,6.3725,8182,0
11/06/2015,6.3725,6.3928,6.3551,6.3916,8641,0
11/09/2015,6.387,6.3947,6.3795,6.3886,6903,0
11/10/2015,6.3893,6.3949,6.3809,6.3943,6455,0
11/11/2015,6.3943,6.3993,6.3828,6.3896,6117,0
11/12/2015,6.3897,6.3987,6.3857,6.3904,5788,0
11/13/2015,6.3904,6.415,6.3871,6.4051,7721,0
11/16/2015,6.4062,6.4203,6.3839,6.3986,6888,0
11/17/2015,6.3987,6.4092,6.3899,6.4087,7561,0
11/18/2015,6.4087,6.4194,6.4008,6.4171,7565,0
11/19/2015,6.4171,6.4175,6.4013,6.404,6654,0
11/20/2015,6.4041,6.4211,6.3989,6.4204,6090,0
11/23/2015,6.414,6.4343,6.4121,6.4306,7196,0
11/24/2015,6.4306,6.4327,6.4185,6.4268,6760,0
11/25/2015,6.4268,6.428,6.4108,6.422,7170,0
11/26/2015,6.4219,6.4391,6.4186,6.4336,4891,0
11/27/2015,6.4337,6.4581,6.4314,6.4507,6522,0
11/30/2015,6.4482,6.4592,6.4113,6.4239,10160,0
12/01/2015,6.4239,6.4498,6.4221,6.4454,8086,0
12/02/2015,6.4454,6.4504,6.4333,6.4486,6251,0
12/03/2015,6.4484,6.4547,6.4186,6.421,8925,0
12/04/2015,6.421,6.4521,6.419,6.4469,8247,0
12/07/2015,6.4428,6.4745,6.4417,6.4719,8072,0
12/08/2015,6.4715,6.4986,6.4691,6.489,8783,0
12/09/2015,6.4876,6.5215,6.4809,6.5005,9807,0
12/10/2015,6.5009,6.5411,6.4849,6.4933,11724,0
12/11/2015,6.4934,6.5609,6.4892,6.5287,12475,0
12/14/2015,6.5313,6.5595,6.5291,6.5543,10481,0
12/15/2015,6.5521,6.5558,6.5225,6.5344,10266,0
12/16/2015,6.5338,6.5443,6.5129,6.5231,11580,0
12/17/2015,6.5231,6.5702,6.5195,6.5681,10943,0
12/18/2015,6.5677,6.5736,6.5469,6.553,9354,0
12/21/2015,6.5528,6.5578,6.5421,6.5503,7889,0
12/22/2015,6.5501,6.552,6.5203,6.5257,7906,0
12/23/2015,6.5257,6.5486,6.5237,6.545,8019,0
12/24/2015,6.5447,6.5478,6.5286,6.5395,5493,0
12/25/2015,6.5395,6.5468,6.5342,6.5394,525,0
12/28/2015,6.5378,6.5645,6.5335,6.5621,6158,0
12/29/2015,6.5621,6.5806,6.5573,6.5735,8144,0
12/30/2015,6.5734,6.6098,6.5585,6.5664,11747,0
12/31/2015,6.5663,6.5925,6.5626,6.5662,10128,0
01/01/2016,6.5668,6.5684,6.5643,6.567,86,0
01/04/2016,6.5667,6.6344,6.5662,6.6294,12797,0
01/05/2016,6.6293,6.6539,6.6248,6.6418,13207,0
01/06/2016,6.6422,6.7313,6.6339,6.6949,16278,0
01/07/2016,6.6938,6.7585,6.6592,6.6877,17571,0
01/08/2016,6.6882,6.6913,6.6498,6.681,14606,0
01/11/2016,6.685,6.7064,6.5823,6.5869,12170,0
01/12/2016,6.5878,6.6071,6.5644,6.5761,14461,0
01/13/2016,6.5764,6.5813,6.559,6.5648,12722,0
01/14/2016,6.5643,6.6252,6.5631,6.602,12450,0
01/15/2016,6.6006,6.6198,6.597,6.6152,10684,0
01/18/2016,6.6033,6.6139,6.5705,6.5833,8956,0
01/19/2016,6.5833,6.6087,6.5812,6.5875,10012,0
01/20/2016,6.5878,6.612,6.5853,6.5966,11483,0
01/21/2016,6.5963,6.6189,6.5948,6.6034,10059,0
01/22/2016,6.6025,6.6147,6.5991,6.6108,9196,0
01/25/2016,6.6092,6.6185,6.6,6.6084,8984,0
01/26/2016,6.6089,6.6202,6.6028,6.6096,10521,0
01/27/2016,6.6096,6.6183,6.6025,6.6171,11409,0
01/28/2016,6.6172,6.6191,6.6055,6.6153,10563,0
01/29/2016,6.6148,6.6307,6.5866,6.5927,12518,0
02/01/2016,6.5918,6.6194,6.5912,6.6177,10299,0
02/02/2016,6.6177,6.6298,6.6088,6.6295,9298,0
02/03/2016,6.6293,6.6509,6.5957,6.608,13697,0
02/04/2016,6.607,6.6187,6.5587,6.5778,14178,0
02/05/2016,6.5779,6.5841,6.5529,6.569,13553,0
02/08/2016,6.5709,6.5829,6.5646,6.5687,4671,0
02/09/2016,6.569,6.582,6.559,6.5644,5425,0
02/10/2016,6.5645,6.5675,6.5235,6.5456,7548,0
02/11/2016,6.5452,6.5499,6.5217,6.5283,12016,0
02/12/2016,6.5285,6.5483,6.4982,6.5099,10324,0
02/15/2016,6.5038,6.5353,6.483,6.4998,8880,0
02/16/2016,6.5008,6.5259,6.4958,6.52,10976,0
02/17/2016,6.5203,6.537,6.5142,6.5252,11614,0
02/18/2016,6.5234,6.5312,6.5141,6.5199,9261,0
02/19/2016,6.5192,6.5288,6.5174,6.527,9240,0
02/22/2016,6.5253,6.5295,6.5165,6.5281,6944,0
02/23/2016,6.5278,6.5375,6.5241,6.5338,9846,0
02/24/2016,6.5341,6.5434,6.5273,6.5351,10868,0
02/25/2016,6.5332,6.5442,6.5304,6.5362,8426,0
02/26/2016,6.5362,6.544,6.5307,6.5434,8007,0
02/29/2016,6.5478,6.5588,6.5419,6.552,9284,0
03/01/2016,6.552,6.5557,6.5356,6.549,10304,0
03/02/2016,6.5494,6.5559,6.5438,6.5491,9396,0
03/03/2016,6.5491,6.57,6.519,6.5209,9726,0
03/04/2016,6.5203,6.5294,6.496,6.5003,12228,0
03/07/2016,6.5075,6.5245,6.4958,6.5048,9740,0
03/08/2016,6.5048,6.5133,6.5013,6.5085,9426,0
03/09/2016,6.5096,6.5196,6.5026,6.5114,9454,0
03/10/2016,6.5114,6.5269,6.5009,6.5035,9459,0
03/11/2016,6.5035,6.5064,6.4704,6.4826,12432,0
03/14/2016,6.48,6.4966,6.4796,6.4929,10305,0
03/15/2016,6.4916,6.5123,6.4912,6.5111,10642,0
03/16/2016,6.51,6.5252,6.4788,6.4835,11612,0
03/17/2016,6.4821,6.4986,6.4486,6.4541,12959,0
03/18/2016,6.454,6.4782,6.4395,6.4626,12812,0
03/21/2016,6.4595,6.4848,6.4595,6.4845,9959,0
03/22/2016,6.4836,6.4975,6.4802,6.493,12445,0
03/23/2016,6.4933,6.5097,6.4867,6.5076,10799,0
03/24/2016,6.5052,6.5245,6.5039,6.5217,10815,0
03/25/2016,6.5213,6.5291,6.5191,6.5254,4610,0
03/28/2016,6.5234,6.5287,6.5134,6.5162,5574,0
03/29/2016,6.514,6.5188,6.4893,6.4893,8911,0
03/30/2016,6.4904,6.4965,6.4702,6.4737,10882,0
03/31/2016,6.4738,6.4803,6.4554,6.4628,10307,0
04/01/2016,6.4627,6.4838,6.4609,6.4701,9637,0
04/04/2016,6.4706,6.4823,6.4635,6.4723,5579,0
04/05/2016,6.4666,6.4867,6.4666,6.4853,9381,0
04/06/2016,6.4839,6.4937,6.4773,6.4818,10226,0
04/07/2016,6.4802,6.4905,6.4718,6.4841,11691,0
04/08/2016,6.4845,6.4931,6.475,6.4779,8815,0
04/11/2016,6.4752,6.4845,6.4645,6.4673,9398,0
04/12/2016,6.4652,6.4854,6.464,6.4728,10397,0
04/13/2016,6.4724,6.4859,6.4688,6.484,10012,0
04/14/2016,6.4824,6.5008,6.4817,6.4919,11704,0
04/15/2016,6.4895,6.4987,6.4776,6.4834,9764,0
04/18/2016,6.48,6.4917,6.4778,6.4813,7462,0
04/19/2016,6.4807,6.4856,6.4631,6.4683,9179,0
04/20/2016,6.4678,6.4824,6.4647,6.4816,7481,0
04/21/2016,6.4806,6.489,6.4723,6.4853,7203,0
04/22/2016,6.4832,6.5072,6.4813,6.505,6919,0
04/25/2016,6.501,6.5168,6.4992,6.5036,6648,0
04/26/2016,6.501,6.5091,6.4958,6.5033,7291,0
04/27/2016,6.5011,6.5133,6.4944,6.5026,7756,0
04/28/2016,6.5027,6.5156,6.4776,6.4828,8230,0
04/29/2016,6.4829,6.4927,6.4728,6.4847,8300,0
05/02/2016,6.487,6.488,6.4761,6.4795,4436,0
05/03/2016,6.4783,6.5055,6.4727,6.5043,9457,0
05/04/2016,6.4981,6.5207,6.4981,6.517,10102,0
05/05/2016,6.5145,6.5211,6.5043,6.5196,9004,0
05/06/2016,6.5187,6.5234,6.5042,6.5144,9030,0
05/09/2016,6.5111,6.5408,6.508,6.5407,9167,0
05/10/2016,6.5402,6.5447,6.511,6.5359,9566,0
05/11/2016,6.5355,6.5392,6.5233,6.5261,8699,0
05/12/2016,6.5293,6.5498,6.5233,6.5472,9052,0
05/13/2016,6.5464,6.5596,6.5359,6.5516,9830,0
05/16/2016,6.5564,6.5597,6.5383,6.5496,8960,0
05/17/2016,6.5487,6.5496,6.5335,6.5482,8322,0
05/18/2016,6.5473,6.5803,6.5429,6.576,10388,0
05/19/2016,6.5755,6.5793,6.554,6.5626,10353,0
05/20/2016,6.5617,6.5664,6.5492,6.5605,8958,0
05/23/2016,6.5615,6.5665,6.554,6.561,6141,0
05/24/2016,6.5604,6.5692,6.5569,6.566,7814,0
05/25/2016,6.5634,6.5694,6.5562,6.5647,9281,0
05/26/2016,6.5618,6.5662,6.5502,6.5569,8781,0
05/27/2016,6.5569,6.5773,6.5539,6.5763,8073,0
05/30/2016,6.5758,6.5917,6.5719,6.5875,7558,0
05/31/2016,6.5895,6.5925,6.5778,6.5848,8673,0
06/01/2016,6.5859,6.5991,6.5801,6.5844,9467,0
06/02/2016,6.5856,6.5887,6.5776,6.5855,8397,0
06/03/2016,6.5847,6.5959,6.5376,6.5403,8960,0
06/06/2016,6.5392,6.5715,6.5392,6.5661,9159,0
06/07/2016,6.5657,6.5784,6.5644,6.5754,9629,0
06/08/2016,6.5736,6.5796,6.561,6.5658,8250,0
06/09/2016,6.5655,6.5855,6.5623,6.5842,6816,0
06/10/2016,6.5828,6.608,6.5793,6.6023,8407,0
06/13/2016,6.6015,6.6096,6.59,6.5957,8342,0
06/14/2016,6.5941,6.6069,6.5925,6.6059,8578,0
06/15/2016,6.6052,6.6155,6.5854,6.5942,10117,0
06/16/2016,6.5923,6.6062,6.5803,6.5964,9632,0
06/17/2016,6.5947,6.6034,6.5879,6.5956,7931,0
06/20/2016,6.5947,6.5949,6.5806,6.586,8698,0
06/21/2016,6.586,6.596,6.5799,6.592,8315,0
06/22/2016,6.5923,6.599,6.575,6.58,8860,0
06/23/2016,6.5785,6.5952,6.5758,6.585,10203,0
06/24/2016,6.5806,6.6519,6.5775,6.6338,13522,0
06/27/2016,6.6245,6.6878,6.6245,6.6781,10414,0
06/28/2016,6.6793,6.6892,6.6681,6.6841,9689,0
06/29/2016,6.6815,6.6869,6.6493,6.6529,10952,0
06/30/2016,6.6531,6.6997,6.6502,6.6698,11242,0
07/01/2016,6.6679,6.6784,6.6609,6.6779,8199,0
07/04/2016,6.6727,6.6822,6.6656,6.674,5906,0
07/05/2016,6.6735,6.6956,6.6727,6.6863,7336,0
07/06/2016,6.6872,6.7078,6.6849,6.6945,9510,0
07/07/2016,6.6947,6.7027,6.6865,6.7006,9381,0
07/08/2016,6.6997,6.7077,6.6907,6.7003,7069,0
07/11/2016,6.6977,6.7077,6.6915,6.704,6783,0
07/12/2016,6.7058,6.7065,6.6891,6.6958,7328,0
07/13/2016,6.6961,6.7015,6.6783,6.6873,8818,0
07/14/2016,6.6871,6.6977,6.6829,6.689,9017,0
07/15/2016,6.6894,6.7171,6.6818,6.7069,9930,0
07/18/2016,6.7014,6.7164,6.6973,6.7087,9326,0
07/19/2016,6.7071,6.7161,6.6979,6.7104,8439,0
07/20/2016,6.7081,6.712,6.6725,6.6779,8669,0
07/21/2016,6.6769,6.6862,6.6634,6.676,8016,0
07/22/2016,6.6735,6.6863,6.6655,6.6811,7645,0
07/25/2016,6.6823,6.6906,6.6784,6.6868,7418,0
07/26/2016,6.6866,6.6889,6.6714,6.6767,7135,0
07/27/2016,6.678,6.6827,6.6665,6.6713,8063,0
07/28/2016,6.6701,6.6717,6.6548,6.6596,8615,0
07/29/2016,6.6612,6.6642,6.619,6.6267,8738,0
08/01/2016,6.6334,6.6477,6.6232,6.6438,8209,0
08/02/2016,6.6437,6.6598,6.6243,6.6329,7604,0
08/03/2016,6.6313,6.6443,6.6272,6.6436,9160,0
08/04/2016,6.6367,6.6532,6.6305,6.6449,7836,0
08/05/2016,6.6457,6.6718,6.6404,6.665,7303,0
08/08/2016,6.6643,6.6741,6.661,6.6685,7244,0
08/09/2016,6.6678,6.672,6.6549,6.6617,6517,0
08/10/2016,6.6597,6.6644,6.6268,6.6399,8442,0
08/11/2016,6.6405,6.651,6.6294,6.6421,8775,0
08/12/2016,6.6405,6.6563,6.6356,6.6523,7257,0
08/15/2016,6.6498,6.6554,6.6409,6.6454,7481,0
08/16/2016,6.6452,6.6471,6.6198,6.6294,7539,0
08/17/2016,6.6288,6.6436,6.6224,6.635,7632,0
08/18/2016,6.6339,6.6404,6.6198,6.6315,7986,0
08/19/2016,6.6299,6.6622,6.6277,6.6543,7694,0
08/22/2016,6.6524,6.6744,6.6522,6.6595,6551,0
08/23/2016,6.6594,6.6614,6.6432,6.6574,6825,0
08/24/2016,6.6556,6.6726,6.6519,6.6712,6088,0
08/25/2016,6.6702,6.6731,6.6619,6.6675,6245,0
08/26/2016,6.6667,6.6967,6.6603,6.6926,8069,0
08/29/2016,6.6924,6.7027,6.6826,6.6893,7375,0
08/30/2016,6.6876,6.6971,6.681,6.6928,7572,0
08/31/2016,6.6911,6.6971,6.6834,6.6881,7221,0
09/01/2016,6.6901,6.6941,6.6794,6.6843,5557,0
09/02/2016,6.6844,6.699,6.6781,6.6967,7718,0
09/05/2016,6.6963,6.6983,6.6819,6.6901,5161,0
09/06/2016,6.6901,6.6993,6.669,6.6704,7122,0
09/07/2016,6.6737,6.6813,6.6608,6.6708,6848,0
09/08/2016,6.6692,6.681,6.6603,6.6798,8313,0
09/09/2016,6.6785,6.6988,6.6714,6.6961,7227,0
09/12/2016,6.6916,6.6986,6.6757,6.6858,6811,0
09/13/2016,6.6853,6.6918,6.6803,6.691,7699,0
09/14/2016,6.6908,6.6927,6.6629,6.6661,11717,0
09/15/2016,6.6657,6.6738,6.6464,6.6478,9440,0
09/16/2016,6.6485,6.6564,6.6389,6.6531,5152,0
09/19/2016,6.6562,6.6712,6.6529,6.6648,7558,0
09/20/2016,6.6604,6.6847,6.6602,6.6804,8479,0
09/21/2016,6.6816,6.6845,6.6665,6.6675,12506,0
09/22/2016,6.6671,6.6832,6.6662,6.6803,10201,0
09/23/2016,6.6805,6.6836,6.6725,6.6779,9973,0
09/26/2016,6.6795,6.6846,6.6771,6.683,9276,0
09/27/2016,6.68,6.6856,6.6764,6.6835,9499,0
09/28/2016,6.6833,6.69,6.6799,6.6831,10262,0
09/29/2016,6.681,6.6867,6.668,6.6697,10764,0
09/30/2016,6.6698,6.6815,6.6687,6.6731,10376,0
10/03/2016,6.6774,6.6798,6.6722,6.6759,5281,0
10/04/2016,6.6749,6.6951,6.6745,6.6925,8007,0
10/05/2016,6.6924,6.6998,6.6879,6.6985,7483,0
10/06/2016,6.6979,6.7142,6.6895,6.7067,6030,0
10/07/2016,6.7058,6.7178,6.7007,6.7065,9592,0
10/10/2016,6.7048,6.7182,6.7002,6.7161,8441,0
10/11/2016,6.7167,6.7315,6.7142,6.7279,13340,0
10/12/2016,6.7285,6.7306,6.717,6.7252,11344,0
10/13/2016,6.7249,6.7428,6.7243,6.7339,11468,0
10/14/2016,6.7325,6.738,6.7289,6.7367,9843,0
10/17/2016,6.736,6.75,6.734,6.7454,8608,0
10/18/2016,6.7467,6.749,6.7381,6.7415,9475,0
10/19/2016,6.7418,6.7465,6.7348,6.739,9572,0
10/20/2016,6.7386,6.7494,6.7359,6.7454,8975,0
10/21/2016,6.7451,6.7756,6.7451,6.7693,10226,0
10/24/2016,6.7711,6.7877,6.7691,6.7808,9961,0
10/25/2016,6.7815,6.7882,6.7718,6.7735,12152,0
10/26/2016,6.774,6.7859,6.7725,6.7833,9913,0
10/27/2016,6.7834,6.797,6.7821,6.7935,10984,0
10/28/2016,6.7928,6.7978,6.7818,6.7833,10455,0
10/31/2016,6.7874,6.7877,6.7761,6.7771,7973,0
11/01/2016,6.7763,6.786,6.7708,6.7724,8755,0
11/02/2016,6.7729,6.7757,6.7622,6.7665,9897,0
11/03/2016,6.7655,6.7737,6.7632,6.77,9267,0
11/04/2016,6.7698,6.7723,6.7632,6.7708,6563,0
11/07/2016,6.7708,6.7941,6.7705,6.7937,9210,0
11/08/2016,6.7936,6.7986,6.7861,6.7966,9727,0
11/09/2016,6.7961,6.8376,6.773,6.8339,14998,0
11/10/2016,6.834,6.8344,6.8054,6.8301,13797,0
11/11/2016,6.8297,6.8489,6.8005,6.8227,15308,0
11/14/2016,6.8219,6.8638,6.8195,6.8579,13586,0
11/15/2016,6.8572,6.8795,6.8462,6.8738,15784,0
11/16/2016,6.8741,6.8957,6.8692,6.8893,15680,0
11/17/2016,6.8899,6.8997,6.8783,6.8995,13861,0
11/18/2016,6.9007,6.9121,6.8836,6.9067,14896,0
11/21/2016,6.9048,6.9176,6.8979,6.9031,14438,0
11/22/2016,6.9033,6.9153,6.8956,6.9134,14115,0
11/23/2016,6.9129,6.9533,6.9084,6.9517,15026,0
11/24/2016,6.9522,6.965,6.9393,6.9481,13584,0
11/25/2016,6.9482,6.9585,6.9342,6.9449,14110,0
11/28/2016,6.9445,6.9478,6.9189,6.9291,14822,0
11/29/2016,6.9285,6.9297,6.9103,6.9139,15775,0
11/30/2016,6.9144,6.9193,6.8924,6.9158,15351,0
12/01/2016,6.9164,6.9195,6.8753,6.8799,15690,0
12/02/2016,6.8797,6.8906,6.8674,6.8721,14488,0
12/05/2016,6.8678,6.8889,6.8547,6.8554,12835,0
12/06/2016,6.8555,6.8868,6.8545,6.8852,12988,0
12/07/2016,6.8851,6.9071,6.8842,6.8967,13902,0
12/08/2016,6.8968,6.9161,6.8868,6.9117,13575,0
12/09/2016,6.9123,6.9397,6.9078,6.9255,13434,0
12/12/2016,6.925,6.9426,6.9227,6.9245,14322,0
12/13/2016,6.9252,6.9335,6.9171,6.9208,13624,0
12/14/2016,6.9204,6.9299,6.8938,6.9267,14123,0
12/15/2016,6.9273,6.9502,6.9184,6.9302,16153,0
12/16/2016,6.9306,6.9686,6.9288,6.9633,13908,0
12/19/2016,6.9632,6.9656,6.9242,6.9277,12742,0
12/20/2016,6.9276,6.9537,6.9276,6.9403,14088,0
12/21/2016,6.9401,6.9474,6.921,6.9293,13894,0
12/22/2016,6.9296,6.9492,6.9274,6.949,13931,0
12/23/2016,6.9488,6.9581,6.9427,6.9557,11731,0
12/26/2016,6.9565,6.9599,6.9475,6.9508,1415,0
12/27/2016,6.9506,6.9629,6.95,6.9584,10553,0
12/28/2016,6.958,6.9792,6.9486,6.9702,14416,0
12/29/2016,6.9704,6.9868,6.9627,6.9685,11929,0
12/30/2016,6.9699,6.9849,6.9593,6.9725,8891,0
01/02/2017,6.9713,6.9842,6.9706,6.9737,1118,0
01/03/2017,6.9741,6.9872,6.9562,6.9595,10817,0
01/04/2017,6.9598,6.9688,6.8693,6.8699,14610,0
01/05/2017,6.8693,6.8966,6.7815,6.7822,16850,0
01/06/2017,6.7823,6.8613,6.7815,6.8497,15714,0
01/09/2017,6.8447,6.8894,6.8445,6.8749,16100,0
01/10/2017,6.8754,6.9124,6.8667,6.9083,20219,0
01/11/2017,6.908,6.9176,6.8742,6.8879,18346,0
01/12/2017,6.887,6.8982,6.8361,6.8559,20301,0
01/13/2017,6.8562,6.8748,6.827,6.8446,18074,0
01/16/2017,6.8397,6.864,6.8397,6.8578,14585,0
01/17/2017,6.8574,6.8706,6.7907,6.8018,18750,0
01/18/2017,6.8015,6.8418,6.7995,6.8409,16584,0
01/19/2017,6.841,6.8547,6.8274,6.8474,16985,0
01/20/2017,6.8473,6.8578,6.8301,6.8361,15591,0
01/23/2017,6.8348,6.8455,6.8071,6.8108,16931,0
01/24/2017,6.8101,6.8275,6.8031,6.8233,15546,0
01/25/2017,6.8222,6.8394,6.8177,6.8198,16799,0
01/26/2017,6.8204,6.8489,6.8121,6.8436,17016,0
01/27/2017,6.845,6.8776,6.8438,6.8674,15408,0
01/30/2017,6.8678,6.8718,6.8508,6.8564,10469,0
01/31/2017,6.8562,6.8695,6.82,6.8268,15668,0
02/01/2017,6.8266,6.8389,6.8245,6.8299,14396,0
02/02/2017,6.8293,6.8333,6.7993,6.8106,16648,0
02/03/2017,6.8108,6.8271,6.7916,6.8003,14841,0
02/06/2017,6.8048,6.8134,6.7953,6.8001,13859,0
02/07/2017,6.8,6.839,6.7938,6.8334,16226,0
02/08/2017,6.8335,6.8566,6.8315,6.84,17487,0
02/09/2017,6.8408,6.8639,6.8373,6.8614,17956,0
02/10/2017,6.8621,6.872,6.8581,6.8634,16718,0
02/13/2017,6.8599,6.8837,6.8578,6.8719,15997,0
02/14/2017,6.8714,6.8764,6.8459,6.8562,19279,0
02/15/2017,6.8563,6.8644,6.8404,6.8406,18434,0
02/16/2017,6.841,6.8551,6.8402,6.848,18695,0
02/17/2017,6.8484,6.8556,6.8436,6.8516,14819,0
02/20/2017,6.8504,6.8625,6.8411,6.856,12165,0
02/21/2017,6.8561,6.8697,6.8537,6.8597,13960,0
02/22/2017,6.8598,6.8687,6.854,6.8553,15010,0
02/23/2017,6.8555,6.8659,6.8438,6.848,10761,0
02/24/2017,6.8482,6.858,6.846,6.8525,10007,0
02/27/2017,6.8486,6.8649,6.8485,6.861,10537,0
02/28/2017,6.8609,6.8643,6.8448,6.8542,13822,0
03/01/2017,6.8537,6.877,6.8533,6.8677,15686,0
03/02/2017,6.8678,6.8885,6.8668,6.8855,12708,0
03/03/2017,6.8853,6.9073,6.8832,6.8961,13638,0
03/06/2017,6.8952,6.9022,6.8865,6.9012,11211,0
03/07/2017,6.9014,6.9037,6.8887,6.8951,13163,0
03/08/2017,6.8948,6.9208,6.8909,6.9147,12986,0
03/09/2017,6.9146,6.9315,6.8927,6.9015,16086,0
03/10/2017,6.9011,6.9137,6.8827,6.8853,16922,0
03/13/2017,6.8816,6.8968,6.8816,6.8958,14801,0
03/14/2017,6.8969,6.9085,6.8929,6.9004,16858,0
03/15/2017,6.9003,6.9027,6.8449,6.8482,17546,0
03/16/2017,6.8477,6.8779,6.8446,6.8694,18739,0
03/17/2017,6.8696,6.8942,6.8678,6.8853,17784,0
03/20/2017,6.8854,6.898,6.8814,6.8887,14575,0
03/21/2017,6.8886,6.8957,6.8675,6.8711,18569,0
03/22/2017,6.8718,6.881,6.8616,6.8632,17174,0
03/23/2017,6.8629,6.8756,6.8619,6.8696,15827,0
03/24/2017,6.8689,6.8847,6.8673,6.8719,15323,0
03/27/2017,6.8705,6.8708,6.8448,6.854,15621,0
03/28/2017,6.8545,6.8761,6.8486,6.8717,15780,0
03/29/2017,6.8711,6.8777,6.866,6.8682,16988,0
03/30/2017,6.8674,6.8839,6.8667,6.8836,16027,0
03/31/2017,6.8834,6.8894,6.8692,6.8712,14801,0
04/03/2017,6.8695,6.8771,6.866,6.8723,12327,0
04/04/2017,6.8741,6.8825,6.87,6.8784,10889,0
04/05/2017,6.8783,6.8873,6.8721,6.8818,13779,0
04/06/2017,6.8816,6.8929,6.8795,6.888,13310,0
04/07/2017,6.8879,6.9003,6.8878,6.8986,11606,0
04/10/2017,6.8976,6.9143,6.8946,6.9049,13873,0
04/11/2017,6.9051,6.9094,6.8993,6.9,12195,0
04/12/2017,6.9004,6.9048,6.8822,6.8833,13282,0
04/13/2017,6.8833,6.8875,6.8677,6.883,15621,0
04/14/2017,6.8833,6.888,6.878,6.8811,6187,0
04/17/2017,6.8777,6.8833,6.8743,6.8769,9825,0
04/18/2017,6.8777,6.8876,6.8729,6.8746,13670,0
04/19/2017,6.874,6.8856,6.8726,6.8849,13798,0
04/20/2017,6.8836,6.8872,6.8777,6.8834,12371,0
04/21/2017,6.8808,6.892,6.8777,6.8893,13367,0
04/24/2017,6.8867,6.8892,6.8752,6.8827,13692,0
04/25/2017,6.8828,6.8903,6.8816,6.8874,13916,0
04/26/2017,6.8873,6.9025,6.8865,6.8956,14184,0
04/27/2017,6.8968,6.9045,6.895,6.9007,13536,0
04/28/2017,6.9013,6.9044,6.8908,6.896,12862,0
05/01/2017,6.8967,6.9029,6.8951,6.8968,5242,0
05/02/2017,6.896,6.899,6.8868,6.8876,11923,0
05/03/2017,6.889,6.8947,6.8854,6.8944,11580,0
05/04/2017,6.8948,6.8975,6.8903,6.8922,13629,0
05/05/2017,6.892,6.9067,6.8908,6.9011,12740,0
05/08/2017,6.9008,6.9101,6.8996,6.9083,8728,0
05/09/2017,6.9088,6.9174,6.907,6.914,10465,0
05/10/2017,6.9139,6.9166,6.907,6.913,12008,0
05/11/2017,6.9128,6.9142,6.9012,6.9026,11928,0
05/12/2017,6.9028,6.9063,6.896,6.8965,10474,0
05/15/2017,6.8964,6.9018,6.8854,6.8911,10473,0
05/16/2017,6.8909,6.8913,6.8725,6.8746,13159,0
05/17/2017,6.8751,6.8834,6.8698,6.8699,13367,0
05/18/2017,6.8702,6.8883,6.8698,6.8823,12887,0
05/19/2017,6.8823,6.8899,6.8709,6.872,11312,0
05/22/2017,6.8717,6.8836,6.8717,6.8782,11022,0
05/23/2017,6.8781,6.882,6.8748,6.8792,12940,0
05/24/2017,6.8803,6.8895,6.8724,6.876,12402,0
05/25/2017,6.8755,6.8794,6.844,6.8476,13314,0
05/26/2017,6.8475,6.8539,6.8141,6.8185,14154,0
05/29/2017,6.8187,6.8279,6.8023,6.8215,11891,0
05/30/2017,6.8182,6.8332,6.8178,6.8239,9858,0
05/31/2017,6.8228,6.8371,6.7417,6.7461,21242,0
06/01/2017,6.7517,6.7735,6.7229,6.7497,24805,0
06/02/2017,6.7492,6.7938,6.7486,6.7738,19907,0
06/05/2017,6.7737,6.7872,6.7736,6.7812,14956,0
06/06/2017,6.7811,6.7843,6.7538,6.7573,17343,0
06/07/2017,6.7549,6.7812,6.7536,6.7728,17315,0
06/08/2017,6.7722,6.7854,6.7649,6.7822,17634,0
06/09/2017,6.782,6.7942,6.7799,6.7851,16050,0
06/12/2017,6.784,6.7971,6.7825,6.7957,11745,0
06/13/2017,6.794,6.7969,6.7846,6.7872,15134,0
06/14/2017,6.787,6.7928,6.7726,6.7857,18122,0
06/15/2017,6.7856,6.8124,6.7791,6.8063,21341,0
06/16/2017,6.8064,6.833,6.7997,6.8112,19271,0
06/19/2017,6.8106,6.8306,6.8059,6.8265,13292,0
06/20/2017,6.8267,6.8371,6.8208,6.8212,17028,0
06/21/2017,6.8206,6.8333,6.8181,6.8304,17117,0
06/22/2017,6.8303,6.8371,6.8253,6.8367,17006,0
06/23/2017,6.8365,6.8447,6.8343,6.839,15909,0
06/26/2017,6.839,6.8596,6.8343,6.8547,15211,0
06/27/2017,6.8548,6.8586,6.8076,6.8132,19882,0
06/28/2017,6.8131,6.8162,6.7958,6.8031,18665,0
06/29/2017,6.803,6.805,6.7792,6.7931,20501,0
06/30/2017,6.793,6.7959,6.758,6.7781,18943,0
07/03/2017,6.7772,6.7989,6.7725,6.7971,16414,0
07/04/2017,6.7969,6.8082,6.7934,6.8056,15591,0
07/05/2017,6.8051,6.8078,6.7895,6.7997,16649,0
07/06/2017,6.7988,6.8059,6.7932,6.8,16429,0
07/07/2017,6.7998,6.8048,6.795,6.8033,14293,0
07/10/2017,6.8027,6.8095,6.7964,6.8055,13381,0
07/11/2017,6.8063,6.8117,6.7968,6.7977,15257,0
07/12/2017,6.8003,6.8014,6.7833,6.7867,18229,0
07/13/2017,6.7857,6.7884,6.7705,6.7815,17281,0
07/14/2017,6.7816,6.7857,6.7628,6.7629,15796,0
07/17/2017,6.7626,6.7721,6.7588,6.7635,14572,0
07/18/2017,6.7628,6.768,6.7423,6.7475,18282,0
07/19/2017,6.7491,6.7594,6.7415,6.7582,16474,0
07/20/2017,6.7578,6.7718,6.752,6.7545,37311,0
07/21/2017,6.7541,6.7646,6.7528,6.7566,42568,0
07/24/2017,6.7565,6.7611,6.7384,6.7469,24108,0
07/25/2017,6.7469,6.7585,6.7417,6.7577,14540,0
07/26/2017,6.7572,6.7598,6.7401,6.742,14843,0
07/27/2017,6.7412,6.7463,6.7237,6.7425,16841,0
07/28/2017,6.7424,6.7483,6.7327,6.7354,17873,0
07/31/2017,6.7355,6.7377,6.724,6.7264,15907,0
08/01/2017,6.7251,6.7315,6.7153,6.7286,18867,0
08/02/2017,6.728,6.7339,6.7217,6.7272,21418,0
08/03/2017,6.7264,6.7369,6.7251,6.7275,18819,0
08/04/2017,6.7282,6.7366,6.7182,6.7347,17213,0
08/07/2017,6.734,6.7371,6.7254,6.7303,14460,0
08/08/2017,6.7298,6.7311,6.7011,6.71,20326,0
08/09/2017,6.7112,6.7176,6.6895,6.6906,19829,0
08/10/2017,6.6901,6.6934,6.665,6.6663,59760,0
08/11/2017,6.6652,6.6945,6.6567,6.6711,35085,0
08/14/2017,6.6711,6.6903,6.6685,6.6883,33143,0
08/15/2017,6.6887,6.7024,6.6831,6.6944,31794,0
08/16/2017,6.6943,6.7068,6.6868,6.6869,33340,0
08/17/2017,6.6878,6.6885,6.6748,6.6843,35384,0
08/18/2017,6.6849,6.6883,6.6764,6.6804,32263,0
08/21/2017,6.6804,6.6836,6.6669,6.6698,33343,0
08/22/2017,6.6699,6.6733,6.6577,6.6672,34832,0
08/23/2017,6.6661,6.6713,6.6591,6.6616,30404,0
08/24/2017,6.6615,6.6644,6.6539,6.6595,33763,0
08/25/2017,6.6601,6.6644,6.6411,6.6424,34703,0
08/28/2017,6.6429,6.6435,6.6162,6.6174,33252,0
08/29/2017,6.618,6.6275,6.5963,6.6067,43875,0
08/30/2017,6.6059,6.6131,6.5828,6.5983,40826,0
08/31/2017,6.5978,6.6086,6.5914,6.5932,41752,0
09/01/2017,6.5958,6.596,6.5442,6.5605,41914,0
09/04/2017,6.5639,6.5663,6.5242,6.5284,39719,0
09/05/2017,6.5283,6.5594,6.5275,6.5387,46087,0
09/06/2017,6.5385,6.5506,6.531,6.5389,37510,0
09/07/2017,6.5389,6.5428,6.482,6.4844,45614,0
09/08/2017,6.4855,6.5189,6.4425,6.5013,44969,0
09/11/2017,6.5013,6.5398,6.5013,6.5376,45089,0
09/12/2017,6.5369,6.5514,6.5315,6.5355,45055,0
09/13/2017,6.5351,6.5487,6.5219,6.5465,44131,0
09/14/2017,6.5465,6.5703,6.5411,6.5425,44848,0
09/15/2017,6.5417,6.5522,6.5409,6.5466,38186,0
09/18/2017,6.5467,6.578,6.5446,6.5732,38508,0
09/19/2017,6.5732,6.5959,6.5685,6.5827,46257,0
09/20/2017,6.582,6.5951,6.5628,6.5844,46466,0
09/21/2017,6.5846,6.6038,6.5574,6.5686,52406,0
09/22/2017,6.5683,6.586,6.5631,6.5804,49207,0
09/25/2017,6.5787,6.6182,6.5765,6.6109,44743,0
09/26/2017,6.6112,6.6448,6.6053,6.6277,48906,0
09/27/2017,6.6281,6.6498,6.6229,6.6403,53285,0
09/28/2017,6.6394,6.6783,6.6346,6.6549,53032,0
09/29/2017,6.6537,6.6756,6.6374,6.6454,47400,0
10/02/2017,6.6442,6.6793,6.6442,6.6715,31702,0
10/03/2017,6.6711,6.6901,6.6578,6.6647,38684,0
10/04/2017,6.6655,6.6686,6.6375,6.6486,38180,0
10/05/2017,6.6433,6.6587,6.6367,6.6538,33805,0
10/06/2017,6.6539,6.6639,6.6446,6.6493,35228,0
10/09/2017,6.6489,6.656,6.6087,6.6154,35001,0
10/10/2017,6.6152,6.616,6.5636,6.5668,41849,0
10/11/2017,6.5645,6.5922,6.5568,6.5728,43202,0
10/12/2017,6.5725,6.5888,6.567,6.5779,39876,0
10/13/2017,6.5777,6.5879,6.5604,6.5667,39096,0
10/16/2017,6.5662,6.5862,6.564,6.5828,35971,0
10/17/2017,6.5816,6.6192,6.5808,6.6056,42611,0
10/18/2017,6.6052,6.6322,6.5965,6.6219,42668,0
10/19/2017,6.6217,6.6399,6.6036,6.6038,41830,0
10/20/2017,6.604,6.6271,6.6031,6.6223,38554,0
10/23/2017,6.6229,6.6437,6.6214,6.6357,38540,0
10/24/2017,6.6358,6.6426,6.6254,6.6421,38814,0
10/25/2017,6.6412,6.6519,6.6354,6.6366,39855,0
10/26/2017,6.6368,6.6571,6.6267,6.6513,40925,0
10/27/2017,6.6513,6.665,6.6439,6.6453,40338,0
10/30/2017,6.6466,6.6515,6.6347,6.6362,37511,0
10/31/2017,6.6353,6.6407,6.6219,6.6318,40431,0
11/01/2017,6.6313,6.6404,6.6041,6.6081,41823,0
11/02/2017,6.6083,6.6162,6.5854,6.606,47422,0
11/03/2017,6.6064,6.6388,6.6051,6.6356,34561,0
11/06/2017,6.6321,6.6448,6.6219,6.6235,29325,0
11/07/2017,6.6235,6.6429,6.617,6.6421,34759,0
11/08/2017,6.6416,6.6469,6.6274,6.6311,37514,0
11/09/2017,6.6313,6.6552,6.6258,6.6482,38730,0
11/10/2017,6.6482,6.6626,6.6387,6.6602,31676,0
11/13/2017,6.6605,6.6631,6.6479,6.6549,26906,0
11/14/2017,6.6552,6.6571,6.6354,6.6359,35166,0
11/15/2017,6.6365,6.6404,6.619,6.6325,38365,0
11/16/2017,6.6327,6.6407,6.6291,6.6329,38106,0
11/17/2017,6.6333,6.6477,6.6228,6.6363,35596,0
11/20/2017,6.6295,6.6527,6.6294,6.6459,31942,0
11/21/2017,6.6461,6.6511,6.6252,6.6261,33611,0
11/22/2017,6.6257,6.6346,6.5969,6.5979,39079,0
11/23/2017,6.5984,6.6003,6.5766,6.5773,31702,0
11/24/2017,6.5773,6.6046,6.5674,6.5876,34012,0
11/27/2017,6.5876,6.6027,6.5864,6.5945,37089,0
11/28/2017,6.5944,6.6098,6.5931,6.6079,36554,0
11/29/2017,6.6078,6.622,6.5961,6.6115,42819,0
11/30/2017,6.6118,6.6277,6.6088,6.6118,39708,0
12/01/2017,6.6111,6.6173,6.5926,6.594,39506,0
12/04/2017,6.6023,6.6237,6.602,6.616,30521,0
12/05/2017,6.6162,6.6265,6.6098,6.6161,35699,0
12/06/2017,6.6165,6.6238,6.6121,6.6186,35196,0
12/07/2017,6.6184,6.6238,6.6156,6.6221,34439,0
12/08/2017,6.6224,6.6294,6.6167,6.6228,31823,0
12/11/2017,6.6229,6.6261,6.6165,6.6205,23587,0
12/12/2017,6.6205,6.6325,6.618,6.6257,30297,0
12/13/2017,6.6258,6.6314,6.611,6.6124,33057,0
12/14/2017,6.6127,6.6154,6.603,6.6084,39515,0
12/15/2017,6.6084,6.6155,6.6002,6.6061,34182,0
12/18/2017,6.6009,6.6179,6.6009,6.6106,29665,0
12/19/2017,6.6105,6.6157,6.6003,6.6036,34167,0
12/20/2017,6.6036,6.6068,6.5626,6.5634,37183,0
12/21/2017,6.5634,6.5823,6.5463,6.564,38595,0
12/22/2017,6.5635,6.5762,6.5607,6.5647,32662,0
12/25/2017,6.5632,6.5695,6.5418,6.5498,2508,0
12/26/2017,6.5627,6.5627,6.5333,6.5398,19806,0
12/27/2017,6.5401,6.5631,6.5395,6.5528,31416,0
12/28/2017,6.5525,6.5569,6.5244,6.533,29269,0
12/29/2017,6.533,6.534,6.5083,6.5128,28534,0
01/02/2018,6.5125,6.5168,6.4863,6.4998,26472,0
01/03/2018,6.5,6.5086,6.4884,6.4967,29446,0
01/04/2018,6.4967,6.5099,6.4813,6.4883,26833,0
01/05/2018,6.488,6.4921,6.4723,6.4804,28139,0
01/08/2018,6.4775,6.5014,6.4657,6.497,28266,0
01/09/2018,6.497,6.5385,6.4952,6.5358,40873,0
01/10/2018,6.536,6.5449,6.508,6.5224,48107,0
01/11/2018,6.5224,6.5269,6.4871,6.4909,43523,0
01/12/2018,6.4909,6.496,6.4593,6.4597,48379,0
01/15/2018,6.4546,6.4598,6.4144,6.4293,43841,0
01/16/2018,6.4293,6.4475,6.4234,6.4366,45599,0
01/17/2018,6.4365,6.4433,6.414,6.4273,49713,0
01/18/2018,6.4275,6.443,6.4159,6.4195,46452,0
01/19/2018,6.4196,6.4221,6.3872,6.3997,49066,0
01/22/2018,6.3951,6.4138,6.3934,6.4025,40264,0
01/23/2018,6.403,6.4137,6.39,6.3989,44788,0
01/24/2018,6.3989,6.3998,6.3453,6.3492,51070,0
01/25/2018,6.3499,6.3591,6.2955,6.3275,57249,0
01/26/2018,6.3272,6.3419,6.3106,6.3252,53564,0
01/29/2018,6.325,6.3481,6.3129,6.3364,50108,0
01/30/2018,6.3361,6.351,6.3192,6.3303,53614,0
01/31/2018,6.3303,6.3357,6.283,6.2966,55788,0
02/01/2018,6.2969,6.3124,6.2863,6.2875,56556,0
02/02/2018,6.2874,6.3148,6.2762,6.3117,59267,0
02/05/2018,6.3069,6.3175,6.282,6.3081,46617,0
02/06/2018,6.3079,6.3194,6.2749,6.2797,55566,0
02/07/2018,6.2795,6.3196,6.2548,6.3168,50547,0
02/08/2018,6.3165,6.3773,6.2948,6.3703,60195,0
02/09/2018,6.3707,6.3724,6.3008,6.3143,57103,0
02/12/2018,6.313,6.3436,6.2957,6.3265,47192,0
02/13/2018,6.3261,6.348,6.3182,6.3328,53228,0
02/14/2018,6.3322,6.3504,6.306,6.3122,55715,0
02/15/2018,6.3121,6.3151,6.2789,6.2796,53686,0
02/16/2018,6.2795,6.3007,6.2678,6.2977,48698,0
02/19/2018,6.298,6.3102,6.29,6.305,36359,0
02/20/2018,6.3044,6.3417,6.3026,6.3403,54170,0
02/21/2018,6.3405,6.3454,6.3114,6.3385,59618,0
02/22/2018,6.3378,6.3546,6.327,6.3331,56254,0
02/23/2018,6.3323,6.3425,6.3227,6.3261,52651,0
02/26/2018,6.3247,6.3311,6.293,6.2949,50236,0
02/27/2018,6.2955,6.3253,6.2868,6.3242,55707,0
02/28/2018,6.3244,6.3331,6.3186,6.3285,55647,0
03/01/2018,6.3293,6.3681,6.3284,6.3497,58501,0
03/02/2018,6.3499,6.3654,6.3218,6.3252,56236,0
03/05/2018,6.3273,6.3431,6.3215,6.3326,47694,0
03/06/2018,6.3334,6.3448,6.3054,6.3091,53898,0
03/07/2018,6.3095,6.329,6.3062,6.3197,55268,0
03/08/2018,6.3199,6.3448,6.3161,6.3424,46348,0
03/09/2018,6.3426,6.3523,6.3194,6.3255,46688,0
03/12/2018,6.3255,6.3308,6.3178,6.3228,44419,0
03/13/2018,6.3225,6.3326,6.312,6.3244,51327,0
03/14/2018,6.3245,6.3284,6.2995,6.3056,51896,0
03/15/2018,6.3053,6.3293,6.2985,6.3271,52646,0
03/16/2018,6.3281,6.3341,6.3173,6.3256,50692,0
03/19/2018,6.3264,6.3383,6.3169,6.3179,45936,0
03/20/2018,6.3181,6.3347,6.3163,6.3326,47829,0
03/21/2018,6.3327,6.3343,6.3021,6.3024,48631,0
03/22/2018,6.3021,6.3404,6.302,6.3373,52741,0
03/23/2018,6.3371,6.3395,6.3059,6.309,52252,0
03/26/2018,6.3093,6.3156,6.2521,6.2527,47662,0
03/27/2018,6.2523,6.2769,6.2355,6.2642,53820,0
03/28/2018,6.265,6.288,6.2547,6.2833,51323,0
03/29/2018,6.2827,6.2965,6.2667,6.2694,49194,0
03/30/2018,6.2705,6.2801,6.2601,6.2609,24274,0
04/02/2018,6.26,6.2781,6.2538,6.2684,29025,0
04/03/2018,6.2691,6.2825,6.2682,6.2716,42957,0
04/04/2018,6.2716,6.3118,6.271,6.2843,48076,0
04/05/2018,6.2863,6.3037,6.2754,6.2913,48046,0
04/06/2018,6.293,6.3216,6.2838,6.3131,47846,0
04/09/2018,6.3117,6.325,6.2909,6.3031,44362,0
04/10/2018,6.3027,6.3075,6.271,6.2776,46163,0
04/11/2018,6.275,6.2888,6.2607,6.2712,81969,0
04/12/2018,6.2727,6.2884,6.2641,6.2748,106782,0
04/13/2018,6.2753,6.2911,6.2652,6.2723,37977,0
04/16/2018,6.2722,6.2844,6.263,6.2646,22679,0
04/17/2018,6.2644,6.2824,6.264,6.28,25042,0
04/18/2018,6.2795,6.2869,6.2652,6.2694,25110,0
04/19/2018,6.2692,6.2809,6.2551,6.276,26070,0
04/20/2018,6.2764,6.2929,6.2739,6.2778,26050,0
04/23/2018,6.2779,6.3095,6.2776,6.3071,21020,0
04/24/2018,6.3067,6.3206,6.2913,6.2956,23766,0
04/25/2018,6.2958,6.3291,6.2936,6.3203,25666,0
04/26/2018,6.3209,6.3309,6.3075,6.3254,25847,0
04/27/2018,6.3258,6.3407,6.3166,6.3176,23900,0
04/30/2018,6.3172,6.3266,6.3053,6.3137,20001,0
05/01/2018,6.3145,6.3398,6.3081,6.3359,21191,0
05/02/2018,6.3357,6.3762,6.335,6.3728,24427,0
05/03/2018,6.373,6.3786,6.3402,6.3432,25274,0
05/04/2018,6.3429,6.3693,6.3407,6.3539,23950,0
05/07/2018,6.352,6.3708,6.344,6.3575,23033,0
05/08/2018,6.3588,6.3707,6.354,6.3651,23357,0
05/09/2018,6.3649,6.3834,6.357,6.3633,23488,0
05/10/2018,6.3639,6.3709,6.3238,6.3278,24017,0
05/11/2018,6.3286,6.3411,6.3187,6.333,23048,0
05/14/2018,6.3332,6.3372,6.3228,6.3358,22047,0
05/15/2018,6.3361,6.3701,6.3349,6.365,24102,0
05/16/2018,6.3648,6.3749,6.3448,6.3481,25806,0
05/17/2018,6.3488,6.359,6.3424,6.3556,25492,0
05/18/2018,6.3553,6.3717,6.3539,6.3603,24934,0
05/21/2018,6.36,6.3874,6.3555,6.3556,24147,0
05/22/2018,6.3555,6.3642,6.3459,6.3513,25127,0
05/23/2018,6.3499,6.3852,6.346,6.3741,26351,0
05/24/2018,6.3744,6.3895,6.3703,6.3734,25772,0
05/25/2018,6.3731,6.3899,6.3719,6.3882,24497,0
05/28/2018,6.3872,6.398,6.3793,6.3955,19189,0
05/29/2018,6.3959,6.4292,6.3941,6.4225,24832,0
05/30/2018,6.4227,6.4321,6.3988,6.4001,26164,0
05/31/2018,6.3993,6.4157,6.3932,6.4071,26109,0
06/01/2018,6.4068,6.4167,6.4018,6.4122,25578,0
06/04/2018,6.4104,6.4179,6.3938,6.4046,21730,0
06/05/2018,6.4037,6.4095,6.3898,6.3958,23460,0
06/06/2018,6.3948,6.3979,6.3754,6.3765,22730,0
06/07/2018,6.3769,6.3919,6.3759,6.3885,23868,0
06/08/2018,6.389,6.4084,6.3854,6.3976,24564,0
06/11/2018,6.3977,6.4034,6.3926,6.396,20965,0
06/12/2018,6.3972,6.4077,6.3932,6.4034,24927,0
06/13/2018,6.4044,6.4085,6.3857,6.386,25548,0
06/14/2018,6.3871,6.4184,6.3821,6.4157,25628,0
06/15/2018,6.4154,6.4393,6.4117,6.4348,25849,0
06/18/2018,6.4356,6.4599,6.431,6.4532,22668,0
06/19/2018,6.453,6.4946,6.446,6.475,25937,0
06/20/2018,6.4747,6.4865,6.4653,6.4794,25363,0
06/21/2018,6.48,6.5164,6.4735,6.4994,25915,0
06/22/2018,6.4985,6.517,6.4923,6.5093,24740,0
06/25/2018,6.5083,6.5567,6.5076,6.5391,24481,0
06/26/2018,6.5403,6.5947,6.5368,6.5806,26267,0
06/27/2018,6.5813,6.623,6.5756,6.6178,26244,0
06/28/2018,6.619,6.6401,6.6093,6.6332,25826,0
06/29/2018,6.6332,6.6518,6.6157,6.6333,26335,0
07/02/2018,6.6333,6.6952,6.626,6.6829,23168,0
07/03/2018,6.6879,6.7326,6.6443,6.665,24590,0
07/04/2018,6.6641,6.6722,6.613,6.6418,24660,0
07/05/2018,6.6431,6.6614,6.6325,6.6575,25671,0
07/06/2018,6.6572,6.6862,6.6486,6.6616,25609,0
07/09/2018,6.6618,6.6659,6.6142,6.6216,22982,0
07/10/2018,6.6208,6.6498,6.5999,6.6498,24025,0
07/11/2018,6.6455,6.7246,6.6433,6.723,25972,0
07/12/2018,6.7214,6.7293,6.6714,6.6921,24831,0
07/13/2018,6.6926,6.7247,6.6675,6.7115,25655,0
07/16/2018,6.7106,6.724,6.6823,6.7008,24378,0
07/17/2018,6.7005,6.7268,6.6854,6.7195,25742,0
07/18/2018,6.7203,6.7576,6.7116,6.7496,18743,0
